"Id","Path","Slice Name","Alias(s)","Label","Min","Max","Must Support?","Is Modifier?","Is Summary?","Type(s)","Short","Definition","Comments","Requirements","Default Value","Meaning When Missing","Fixed Value","Pattern","Example","Minimum Value","Maximum Value","Maximum Length","Binding Strength","Binding Description","Binding Value Set","Code","Slicing Discriminator","Slicing Description","Slicing Ordered","Slicing Rules","Base Path","Base Min","Base Max","Condition(s)","Constraint(s)","Mapping: RIM Mapping"
"EHDSCoverage","EHDSCoverage","","","",0,*,"","","","null {[]} {[]}
","Coverage model","C.31 - EHDS refined base model for Coverage","","","","","","","","","",,,,,"",,,,"Base",0,*,"",""
"EHDSCoverage.identifier","EHDSCoverage.identifier","","","",0,*,"","","","Identifier {[]} {[]}
","C.31.1 - Identifier","Business Identifier for the coverage","","","","","","","","","",,,,,"",,,,"EHDSCoverage.identifier",0,*,"",""
"EHDSCoverage.type","EHDSCoverage.type","","","",0,1,"","","","CodeableConcept {[]} {[]}
","C.31.2 - Type","The type of coverage: social program, medical plan, accident coverage (workers compensation, auto), group health or payment by an individual or organization.","","","","","","","","","",,"preferred","hl7:coverage-selfpay, hl7:v3-ActCoverageTypeCode","","",,,,"EHDSCoverage.type",0,1,"",""
"EHDSCoverage.patient","EHDSCoverage.patient","","","",1,1,"","","","Reference {[]} {[CanonicalType[https://www.xt-ehr.eu/specifications/fhir/StructureDefinition/EHDSPatient]]}
","C.31.3 - Patient","Patient who benefits from the insurance coverage when products and/or services are provided.","","","","","","","","","",,,,,"",,,,"EHDSCoverage.patient",1,1,"",""
"EHDSCoverage.payor","EHDSCoverage.payor","","","",1,*,"","","","Base {[]} {[]}
","C.31.4 - Payor","Payor including both insurance and non-insurance agreements, such as patient-pay agreements.","","","","","","","","","",,,,,"",,,,"EHDSCoverage.payor",1,*,"",""
"EHDSCoverage.payor.payorEntity","EHDSCoverage.payor.payorEntity","","","",1,1,"","","","Reference {[]} {[CanonicalType[https://www.xt-ehr.eu/specifications/fhir/StructureDefinition/EHDSOrganization], CanonicalType[https://www.xt-ehr.eu/specifications/fhir/StructureDefinition/EHDSPatient]]}
","C.31.4.1 - Payor entity","Payor entity","","","","","","","","","",,,,,"",,,,"EHDSCoverage.payor.payorEntity",1,1,"",""
"EHDSCoverage.payor.subscriberId","EHDSCoverage.payor.subscriberId","","","",0,1,"","","","Identifier {[]} {[]}
","C.31.4.2 - Subscriber Id","Number or code under which the insured person is registered at the insurance provider.","","","","","","","","","",,,,,"",,,,"EHDSCoverage.payor.subscriberId",0,1,"",""
