{
  "package": "hl7.fhir.eu.imaging-r4",
  "version": "0.1.0-ballot",
  "fhirVersion": "4.0.1",
  "jurisdiction": "150",
  "extensions": [
    {
      "url": "http://hl7.eu/fhir/imaging-r4/StructureDefinition/CrossVersionMediaViewExtension",
      "title": "Media.view extension",
      "types": [
        "CodeableConcept"
      ]
    },
    {
      "url": "http://hl7.eu/fhir/imaging-r4/StructureDefinition/CvServiceRequestSupportingInfoCodeableConcept",
      "title": "SupportingInfo CodeableConcept extension for R4",
      "types": [
        "CodeableConcept"
      ]
    },
    {
      "url": "http://hl7.eu/fhir/imaging-r4/StructureDefinition/ImAdverseEventSubjectReseachSubject",
      "title": "Imaging Adverse Event Subject Research Subject",
      "types": [
        "base64Binary",
        "boolean",
        "canonical",
        "code",
        "date",
        "dateTime",
        "decimal",
        "id",
        "instant",
        "integer",
        "markdown",
        "oid",
        "positiveInt",
        "string",
        "time",
        "unsignedInt",
        "uri",
        "url",
        "uuid",
        "Address",
        "Age",
        "Annotation",
        "Attachment",
        "CodeableConcept",
        "Coding",
        "ContactPoint",
        "Count",
        "Distance",
        "Duration",
        "HumanName",
        "Identifier",
        "Money",
        "Period",
        "Quantity",
        "Range",
        "Ratio",
        "Reference",
        "SampledData",
        "Signature",
        "Timing",
        "ContactDetail",
        "Contributor",
        "DataRequirement",
        "Expression",
        "ParameterDefinition",
        "RelatedArtifact",
        "TriggerDefinition",
        "UsageContext",
        "Dosage",
        "Meta",
        "Reference"
      ]
    },
    {
      "url": "http://hl7.eu/fhir/imaging-r4/StructureDefinition/cvDocumentReference-basedOn",
      "title": "Cross-version Extension for R5.DocumentReference.basedOn for use in FHIR R4",
      "types": [
        "Reference"
      ]
    },
    {
      "url": "http://hl7.eu/fhir/imaging-r4/StructureDefinition/cvServiceRequest-reason",
      "title": "ServiceRequest.reason extension for R4",
      "types": [
        "CodeableConcept"
      ]
    },
    {
      "url": "http://hl7.eu/fhir/imaging-r4/StructureDefinition/im-composition-diagnosticReportReference",
      "title": "Document DiagnosticReport Reference",
      "types": [
        "Reference"
      ]
    },
    {
      "url": "http://hl7.eu/fhir/imaging-r4/StructureDefinition/instance-description",
      "title": "Instance Description",
      "types": [
        "string"
      ]
    },
    {
      "url": "http://hl7.eu/fhir/imaging-r4/StructureDefinition/periods-of-life-extension",
      "title": "Periods of Life Extension",
      "types": [
        "CodeableConcept"
      ]
    },
    {
      "url": "http://hl7.org/fhir/5.0/StructureDefinition/extension-Composition.event.detail",
      "title": "Cross-version Extension for R5.Composition.event.detail for use in FHIR R4",
      "types": [
        "string",
        "CodeableConcept",
        "Reference",
        "base64Binary",
        "boolean",
        "canonical",
        "code",
        "date",
        "dateTime",
        "decimal",
        "id",
        "instant",
        "integer",
        "markdown",
        "oid",
        "positiveInt",
        "string",
        "time",
        "unsignedInt",
        "uri",
        "url",
        "uuid",
        "Address",
        "Age",
        "Annotation",
        "Attachment",
        "CodeableConcept",
        "Coding",
        "ContactPoint",
        "Count",
        "Distance",
        "Duration",
        "HumanName",
        "Identifier",
        "Money",
        "Period",
        "Quantity",
        "Range",
        "Ratio",
        "Reference",
        "SampledData",
        "Signature",
        "Timing",
        "ContactDetail",
        "Contributor",
        "DataRequirement",
        "Expression",
        "ParameterDefinition",
        "RelatedArtifact",
        "TriggerDefinition",
        "UsageContext",
        "Dosage",
        "Meta"
      ]
    },
    {
      "url": "http://hl7.org/fhir/5.0/StructureDefinition/extension-Composition.identifier",
      "title": "Cross-version Extension for R5.Composition.identifier for use in FHIR R4",
      "types": [
        "base64Binary",
        "boolean",
        "canonical",
        "code",
        "date",
        "dateTime",
        "decimal",
        "id",
        "instant",
        "integer",
        "markdown",
        "oid",
        "positiveInt",
        "string",
        "time",
        "unsignedInt",
        "uri",
        "url",
        "uuid",
        "Address",
        "Age",
        "Annotation",
        "Attachment",
        "CodeableConcept",
        "Coding",
        "ContactPoint",
        "Count",
        "Distance",
        "Duration",
        "HumanName",
        "Identifier",
        "Money",
        "Period",
        "Quantity",
        "Range",
        "Ratio",
        "Reference",
        "SampledData",
        "Signature",
        "Timing",
        "ContactDetail",
        "Contributor",
        "DataRequirement",
        "Expression",
        "ParameterDefinition",
        "RelatedArtifact",
        "TriggerDefinition",
        "UsageContext",
        "Dosage",
        "Meta"
      ]
    },
    {
      "url": "http://hl7.org/fhir/5.0/StructureDefinition/extension-Device.category",
      "title": "Cross-version Extension for R5.Device.category for use in FHIR R4",
      "types": [
        "CodeableConcept"
      ]
    },
    {
      "url": "http://hl7.org/fhir/5.0/StructureDefinition/extension-DiagnosticReport.composition",
      "title": "Cross-version Extension for R5.DiagnosticReport.composition for use in FHIR R4",
      "types": [
        "Reference"
      ]
    },
    {
      "url": "http://hl7.org/fhir/5.0/StructureDefinition/extension-DiagnosticReport.supportingInfo",
      "title": "Cross-version Extension for R5.DiagnosticReport.supportingInfo for use in FHIR R4",
      "types": [
        "CodeableConcept",
        "Reference",
        "base64Binary",
        "boolean",
        "canonical",
        "code",
        "date",
        "dateTime",
        "decimal",
        "id",
        "instant",
        "integer",
        "markdown",
        "oid",
        "positiveInt",
        "string",
        "time",
        "unsignedInt",
        "uri",
        "url",
        "uuid",
        "Address",
        "Age",
        "Annotation",
        "Attachment",
        "CodeableConcept",
        "Coding",
        "ContactPoint",
        "Count",
        "Distance",
        "Duration",
        "HumanName",
        "Identifier",
        "Money",
        "Period",
        "Quantity",
        "Range",
        "Ratio",
        "Reference",
        "SampledData",
        "Signature",
        "Timing",
        "ContactDetail",
        "Contributor",
        "DataRequirement",
        "Expression",
        "ParameterDefinition",
        "RelatedArtifact",
        "TriggerDefinition",
        "UsageContext",
        "Dosage",
        "Meta"
      ]
    },
    {
      "url": "http://hl7.org/fhir/5.0/StructureDefinition/extension-DocumentReference.basedOn",
      "title": "Cross-version Extension for R5.DocumentReference.basedOn for use in FHIR R4",
      "types": [
        "Reference"
      ]
    },
    {
      "url": "http://hl7.org/fhir/5.0/StructureDefinition/extension-DocumentReference.bodySite",
      "title": "Cross-version Extension for R5.DocumentReference.bodySite for use in FHIR R4",
      "types": [
        "string",
        "CodeableConcept",
        "Reference",
        "base64Binary",
        "boolean",
        "canonical",
        "code",
        "date",
        "dateTime",
        "decimal",
        "id",
        "instant",
        "integer",
        "markdown",
        "oid",
        "positiveInt",
        "string",
        "time",
        "unsignedInt",
        "uri",
        "url",
        "uuid",
        "Address",
        "Age",
        "Annotation",
        "Attachment",
        "CodeableConcept",
        "Coding",
        "ContactPoint",
        "Count",
        "Distance",
        "Duration",
        "HumanName",
        "Identifier",
        "Money",
        "Period",
        "Quantity",
        "Range",
        "Ratio",
        "Reference",
        "SampledData",
        "Signature",
        "Timing",
        "ContactDetail",
        "Contributor",
        "DataRequirement",
        "Expression",
        "ParameterDefinition",
        "RelatedArtifact",
        "TriggerDefinition",
        "UsageContext",
        "Dosage",
        "Meta"
      ]
    },
    {
      "url": "http://hl7.org/fhir/5.0/StructureDefinition/extension-DocumentReference.content.profile",
      "title": "Cross-version Extension for R5.DocumentReference.content.profile for use in FHIR R4",
      "types": [
        "Coding",
        "uri",
        "canonical",
        "base64Binary",
        "boolean",
        "canonical",
        "code",
        "date",
        "dateTime",
        "decimal",
        "id",
        "instant",
        "integer",
        "markdown",
        "oid",
        "positiveInt",
        "string",
        "time",
        "unsignedInt",
        "uri",
        "url",
        "uuid",
        "Address",
        "Age",
        "Annotation",
        "Attachment",
        "CodeableConcept",
        "Coding",
        "ContactPoint",
        "Count",
        "Distance",
        "Duration",
        "HumanName",
        "Identifier",
        "Money",
        "Period",
        "Quantity",
        "Range",
        "Ratio",
        "Reference",
        "SampledData",
        "Signature",
        "Timing",
        "ContactDetail",
        "Contributor",
        "DataRequirement",
        "Expression",
        "ParameterDefinition",
        "RelatedArtifact",
        "TriggerDefinition",
        "UsageContext",
        "Dosage",
        "Meta"
      ]
    },
    {
      "url": "http://hl7.org/fhir/5.0/StructureDefinition/extension-DocumentReference.modality",
      "title": "Cross-version Extension for R5.DocumentReference.modality for use in FHIR R4",
      "types": [
        "CodeableConcept"
      ]
    },
    {
      "url": "http://hl7.org/fhir/5.0/StructureDefinition/extension-Endpoint.connectionType",
      "title": "Cross-version Extension for R5.Endpoint.connectionType for use in FHIR R4",
      "types": [
        "CodeableConcept"
      ]
    },
    {
      "url": "http://hl7.org/fhir/5.0/StructureDefinition/extension-Endpoint.payload",
      "title": "Cross-version Extension for R5.Endpoint.payload for use in FHIR R4",
      "types": [
        "CodeableConcept",
        "code",
        "base64Binary",
        "boolean",
        "canonical",
        "code",
        "date",
        "dateTime",
        "decimal",
        "id",
        "instant",
        "integer",
        "markdown",
        "oid",
        "positiveInt",
        "string",
        "time",
        "unsignedInt",
        "uri",
        "url",
        "uuid",
        "Address",
        "Age",
        "Annotation",
        "Attachment",
        "CodeableConcept",
        "Coding",
        "ContactPoint",
        "Count",
        "Distance",
        "Duration",
        "HumanName",
        "Identifier",
        "Money",
        "Period",
        "Quantity",
        "Range",
        "Ratio",
        "Reference",
        "SampledData",
        "Signature",
        "Timing",
        "ContactDetail",
        "Contributor",
        "DataRequirement",
        "Expression",
        "ParameterDefinition",
        "RelatedArtifact",
        "TriggerDefinition",
        "UsageContext",
        "Dosage",
        "Meta"
      ]
    },
    {
      "url": "http://hl7.org/fhir/5.0/StructureDefinition/extension-ImagingSelection",
      "title": "Cross-version Extension for R5.ImagingSelection for use in FHIR R4",
      "types": [
        "code",
        "instant",
        "CodeableConcept",
        "Reference",
        "base64Binary",
        "boolean",
        "canonical",
        "code",
        "date",
        "dateTime",
        "decimal",
        "id",
        "instant",
        "integer",
        "markdown",
        "oid",
        "positiveInt",
        "string",
        "time",
        "unsignedInt",
        "uri",
        "url",
        "uuid",
        "Address",
        "Age",
        "Annotation",
        "Attachment",
        "CodeableConcept",
        "Coding",
        "ContactPoint",
        "Count",
        "Distance",
        "Duration",
        "HumanName",
        "Identifier",
        "Money",
        "Period",
        "Quantity",
        "Range",
        "Ratio",
        "Reference",
        "SampledData",
        "Signature",
        "Timing",
        "ContactDetail",
        "Contributor",
        "DataRequirement",
        "Expression",
        "ParameterDefinition",
        "RelatedArtifact",
        "TriggerDefinition",
        "UsageContext",
        "Dosage",
        "Meta",
        "Reference",
        "CodeableConcept",
        "id",
        "Reference",
        "Reference",
        "id",
        "unsignedInt",
        "id",
        "string",
        "CodeableConcept",
        "Reference",
        "base64Binary",
        "boolean",
        "canonical",
        "code",
        "date",
        "dateTime",
        "decimal",
        "id",
        "instant",
        "integer",
        "markdown",
        "oid",
        "positiveInt",
        "string",
        "time",
        "unsignedInt",
        "uri",
        "url",
        "uuid",
        "Address",
        "Age",
        "Annotation",
        "Attachment",
        "CodeableConcept",
        "Coding",
        "ContactPoint",
        "Count",
        "Distance",
        "Duration",
        "HumanName",
        "Identifier",
        "Money",
        "Period",
        "Quantity",
        "Range",
        "Ratio",
        "Reference",
        "SampledData",
        "Signature",
        "Timing",
        "ContactDetail",
        "Contributor",
        "DataRequirement",
        "Expression",
        "ParameterDefinition",
        "RelatedArtifact",
        "TriggerDefinition",
        "UsageContext",
        "Dosage",
        "Meta",
        "Reference",
        "id",
        "unsignedInt",
        "Coding",
        "string",
        "code",
        "decimal",
        "base64Binary",
        "boolean",
        "canonical",
        "code",
        "date",
        "dateTime",
        "decimal",
        "id",
        "instant",
        "integer",
        "markdown",
        "oid",
        "positiveInt",
        "string",
        "time",
        "unsignedInt",
        "uri",
        "url",
        "uuid",
        "Address",
        "Age",
        "Annotation",
        "Attachment",
        "CodeableConcept",
        "Coding",
        "ContactPoint",
        "Count",
        "Distance",
        "Duration",
        "HumanName",
        "Identifier",
        "Money",
        "Period",
        "Quantity",
        "Range",
        "Ratio",
        "Reference",
        "SampledData",
        "Signature",
        "Timing",
        "ContactDetail",
        "Contributor",
        "DataRequirement",
        "Expression",
        "ParameterDefinition",
        "RelatedArtifact",
        "TriggerDefinition",
        "UsageContext",
        "Dosage",
        "Meta",
        "code",
        "decimal",
        "base64Binary",
        "boolean",
        "canonical",
        "code",
        "date",
        "dateTime",
        "decimal",
        "id",
        "instant",
        "integer",
        "markdown",
        "oid",
        "positiveInt",
        "string",
        "time",
        "unsignedInt",
        "uri",
        "url",
        "uuid",
        "Address",
        "Age",
        "Annotation",
        "Attachment",
        "CodeableConcept",
        "Coding",
        "ContactPoint",
        "Count",
        "Distance",
        "Duration",
        "HumanName",
        "Identifier",
        "Money",
        "Period",
        "Quantity",
        "Range",
        "Ratio",
        "Reference",
        "SampledData",
        "Signature",
        "Timing",
        "ContactDetail",
        "Contributor",
        "DataRequirement",
        "Expression",
        "ParameterDefinition",
        "RelatedArtifact",
        "TriggerDefinition",
        "UsageContext",
        "Dosage",
        "Meta",
        "base64Binary",
        "boolean",
        "canonical",
        "code",
        "date",
        "dateTime",
        "decimal",
        "id",
        "instant",
        "integer",
        "markdown",
        "oid",
        "positiveInt",
        "string",
        "time",
        "unsignedInt",
        "uri",
        "url",
        "uuid",
        "Address",
        "Age",
        "Annotation",
        "Attachment",
        "CodeableConcept",
        "Coding",
        "ContactPoint",
        "Count",
        "Distance",
        "Duration",
        "HumanName",
        "Identifier",
        "Money",
        "Period",
        "Quantity",
        "Range",
        "Ratio",
        "Reference",
        "SampledData",
        "Signature",
        "Timing",
        "ContactDetail",
        "Contributor",
        "DataRequirement",
        "Expression",
        "ParameterDefinition",
        "RelatedArtifact",
        "TriggerDefinition",
        "UsageContext",
        "Dosage",
        "Meta",
        "base64Binary",
        "boolean",
        "canonical",
        "code",
        "date",
        "dateTime",
        "decimal",
        "id",
        "instant",
        "integer",
        "markdown",
        "oid",
        "positiveInt",
        "string",
        "time",
        "unsignedInt",
        "uri",
        "url",
        "uuid",
        "Address",
        "Age",
        "Annotation",
        "Attachment",
        "CodeableConcept",
        "Coding",
        "ContactPoint",
        "Count",
        "Distance",
        "Duration",
        "HumanName",
        "Identifier",
        "Money",
        "Period",
        "Quantity",
        "Range",
        "Ratio",
        "Reference",
        "SampledData",
        "Signature",
        "Timing",
        "ContactDetail",
        "Contributor",
        "DataRequirement",
        "Expression",
        "ParameterDefinition",
        "RelatedArtifact",
        "TriggerDefinition",
        "UsageContext",
        "Dosage",
        "Meta"
      ]
    }
  ],
  "profiles": {
    "AllergyIntolerance": [
      {
        "url": "http://hl7.eu/fhir/imaging-r4/StructureDefinition/AllergyIntoleranceEu",
        "title": "EU AllergyIntolerance"
      }
    ],
    "BodyStructure": [
      {
        "url": "http://hl7.eu/fhir/imaging-r4/StructureDefinition/BodyStructureEu",
        "title": "EU BodyStructure"
      }
    ],
    "CarePlan": [
      {
        "url": "http://hl7.eu/fhir/imaging-r4/StructureDefinition/CarePlanEu",
        "title": "EU CarePlan"
      }
    ],
    "Composition": [
      {
        "url": "http://hl7.eu/fhir/imaging-r4/StructureDefinition/ImComposition",
        "title": "Imaging Composition"
      }
    ],
    "Condition": [
      {
        "url": "http://hl7.eu/fhir/imaging-r4/StructureDefinition/ConditionEu",
        "title": "EU Condition"
      }
    ],
    "DocumentReference": [
      {
        "url": "http://hl7.eu/fhir/imaging-r4/StructureDefinition/ImReportIheMhdDocumentReference",
        "title": "Report DocumentReference for MHD deployments"
      }
    ],
    "Encounter": [
      {
        "url": "http://hl7.eu/fhir/imaging-r4/StructureDefinition/EncounterEu",
        "title": "EU Encounter"
      }
    ],
    "Endpoint": [
      {
        "url": "http://hl7.eu/fhir/imaging-r4/StructureDefinition/ImWadoEndpoint",
        "title": "IM WADO Endpoint"
      }
    ],
    "AdverseEvent": [
      {
        "url": "http://hl7.eu/fhir/imaging-r4/StructureDefinition/ImAdverseEvent",
        "title": "Imaging Adverse Event"
      }
    ],
    "DiagnosticReport": [
      {
        "url": "http://hl7.eu/fhir/imaging-r4/StructureDefinition/ImDiagnosticReport",
        "title": "Imaging Diagnostic Report"
      }
    ],
    "Observation": [
      {
        "url": "http://hl7.eu/fhir/imaging-r4/StructureDefinition/ObservationEu",
        "title": "EU Observation"
      }
    ],
    "Device": [
      {
        "url": "http://hl7.eu/fhir/imaging-r4/StructureDefinition/ImImagingDevice",
        "title": "Im Imaging Device"
      }
    ],
    "Basic": [
      {
        "url": "http://hl7.eu/fhir/imaging-r4/StructureDefinition/ImSrInstanceImagingSelection",
        "title": "Imaging Selection referring to a DICOM SR instance for R4"
      }
    ],
    "ImagingStudy": [
      {
        "url": "http://hl7.eu/fhir/imaging-r4/StructureDefinition/ImImagingStudy",
        "title": "IM Imaging Study"
      }
    ],
    "Bundle": [
      {
        "url": "http://hl7.eu/fhir/imaging-r4/StructureDefinition/ImReport",
        "title": "Document Bundle for Imaging Report"
      }
    ],
    "ServiceRequest": [
      {
        "url": "http://hl7.eu/fhir/imaging-r4/StructureDefinition/ImOrder",
        "title": "IM Imaging Order"
      }
    ],
    "Patient": [
      {
        "url": "http://hl7.eu/fhir/imaging-r4/StructureDefinition/PatientAnimalEu",
        "title": "Patient: Animal"
      }
    ],
    "Procedure": [
      {
        "url": "http://hl7.eu/fhir/imaging-r4/StructureDefinition/ProcedureEu",
        "title": "EU Procedure"
      }
    ],
    "Medication": [
      {
        "url": "http://hl7.eu/fhir/imaging-r4/StructureDefinition/MedicationEu",
        "title": "EU Medication"
      }
    ],
    "RelatedPerson": [
      {
        "url": "http://hl7.eu/fhir/imaging-r4/StructureDefinition/RelatedPersonEu",
        "title": "RelatedPerson Eu"
      }
    ],
    "Specimen": [
      {
        "url": "http://hl7.eu/fhir/imaging-r4/StructureDefinition/SpecimenEu",
        "title": "Specimen: Laboratory"
      }
    ]
  },
  "usage": {
    "http://hl7.eu/fhir/StructureDefinition/encounter-legalStatus": [
      "Encounter"
    ],
    "http://hl7.eu/fhir/StructureDefinition/information-recipient": [
      "Composition"
    ],
    "http://hl7.eu/fhir/imaging-r4/StructureDefinition/CrossVersionMediaViewExtension": [
      "DocumentReference"
    ],
    "http://hl7.eu/fhir/imaging-r4/StructureDefinition/CvServiceRequestSupportingInfoCodeableConcept": [
      "ServiceRequest.supportingInfo"
    ],
    "http://hl7.eu/fhir/imaging-r4/StructureDefinition/ImAdverseEventSubjectReseachSubject": [
      "AdverseEvent.subject"
    ],
    "http://hl7.eu/fhir/imaging-r4/StructureDefinition/cvDocumentReference-basedOn": [
      "DocumentReference"
    ],
    "http://hl7.eu/fhir/imaging-r4/StructureDefinition/cvServiceRequest-reason": [
      "ServiceRequest"
    ],
    "http://hl7.eu/fhir/imaging-r4/StructureDefinition/im-composition-diagnosticReportReference": [
      "Composition"
    ],
    "http://hl7.eu/fhir/imaging-r4/StructureDefinition/instance-description": [
      "ImagingStudy.series.instance"
    ],
    "http://hl7.eu/fhir/imaging-r4/StructureDefinition/periods-of-life-extension": [
      "AllergyIntolerance.onset[x]"
    ],
    "http://hl7.org/fhir/5.0/StructureDefinition/extension-ActorDefinition.contact": [
      "Basic"
    ],
    "http://hl7.org/fhir/5.0/StructureDefinition/extension-ActorDefinition.copyright": [
      "Basic"
    ],
    "http://hl7.org/fhir/5.0/StructureDefinition/extension-ActorDefinition.date": [
      "Basic"
    ],
    "http://hl7.org/fhir/5.0/StructureDefinition/extension-ActorDefinition.description": [
      "Basic"
    ],
    "http://hl7.org/fhir/5.0/StructureDefinition/extension-ActorDefinition.jurisdiction": [
      "Basic"
    ],
    "http://hl7.org/fhir/5.0/StructureDefinition/extension-ActorDefinition.name": [
      "Basic"
    ],
    "http://hl7.org/fhir/5.0/StructureDefinition/extension-ActorDefinition.publisher": [
      "Basic"
    ],
    "http://hl7.org/fhir/5.0/StructureDefinition/extension-ActorDefinition.status": [
      "Basic"
    ],
    "http://hl7.org/fhir/5.0/StructureDefinition/extension-ActorDefinition.title": [
      "Basic"
    ],
    "http://hl7.org/fhir/5.0/StructureDefinition/extension-ActorDefinition.type": [
      "Basic"
    ],
    "http://hl7.org/fhir/5.0/StructureDefinition/extension-ActorDefinition.url": [
      "Basic"
    ],
    "http://hl7.org/fhir/5.0/StructureDefinition/extension-ActorDefinition.version": [
      "Basic"
    ],
    "http://hl7.org/fhir/5.0/StructureDefinition/extension-Composition.event.detail": [
      "Composition.event.detail"
    ],
    "http://hl7.org/fhir/5.0/StructureDefinition/extension-Composition.identifier": [
      "Composition.identifier"
    ],
    "http://hl7.org/fhir/5.0/StructureDefinition/extension-Device.category": [
      "Device"
    ],
    "http://hl7.org/fhir/5.0/StructureDefinition/extension-DiagnosticReport.composition": [
      "DiagnosticReport"
    ],
    "http://hl7.org/fhir/5.0/StructureDefinition/extension-DiagnosticReport.supportingInfo": [
      "DiagnosticReport"
    ],
    "http://hl7.org/fhir/5.0/StructureDefinition/extension-DocumentReference.bodySite": [
      "DocumentReference"
    ],
    "http://hl7.org/fhir/5.0/StructureDefinition/extension-DocumentReference.content.profile": [
      "StructureDefinition.differential.element",
      "StructureDefinition.snapshot.element"
    ],
    "http://hl7.org/fhir/5.0/StructureDefinition/extension-DocumentReference.modality": [
      "DocumentReference"
    ],
    "http://hl7.org/fhir/5.0/StructureDefinition/extension-ImagingSelection": [
      "Basic"
    ],
    "http://hl7.org/fhir/StructureDefinition/_datatype": [
      "Basic.extension.extension",
      "Composition.event.detail.extension",
      "Extension",
      "Extension.extension"
    ],
    "http://hl7.org/fhir/StructureDefinition/allergyintolerance-abatement": [
      "AllergyIntolerance"
    ],
    "http://hl7.org/fhir/StructureDefinition/artifact-description": [
      "Basic"
    ],
    "http://hl7.org/fhir/StructureDefinition/artifact-relatedArtifact": [
      "Condition"
    ],
    "http://hl7.org/fhir/StructureDefinition/artifact-title": [
      "Basic"
    ],
    "http://hl7.org/fhir/StructureDefinition/artifact-version|5.2.0": [
      "DiagnosticReport"
    ],
    "http://hl7.org/fhir/StructureDefinition/bodySite": [
      "Procedure.bodySite"
    ],
    "http://hl7.org/fhir/StructureDefinition/composition-clinicaldocument-versionNumber": [
      "Composition"
    ],
    "http://hl7.org/fhir/StructureDefinition/data-absent-reason": [
      "Observation",
      "Patient.name"
    ],
    "http://hl7.org/fhir/StructureDefinition/documentreference-thumbnail": [
      "DocumentReference.content"
    ],
    "http://hl7.org/fhir/StructureDefinition/elementdefinition-bestpractice": [
      "StructureDefinition.snapshot.element.constraint"
    ],
    "http://hl7.org/fhir/StructureDefinition/elementdefinition-bestpractice-explanation": [
      "StructureDefinition.snapshot.element.constraint"
    ],
    "http://hl7.org/fhir/StructureDefinition/elementdefinition-bindingName": [
      "StructureDefinition.snapshot.element.binding"
    ],
    "http://hl7.org/fhir/StructureDefinition/elementdefinition-maxValueSet": [
      "StructureDefinition.snapshot.element.binding"
    ],
    "http://hl7.org/fhir/StructureDefinition/elementdefinition-translatable": [
      "StructureDefinition.snapshot.element"
    ],
    "http://hl7.org/fhir/StructureDefinition/event-basedOn|5.2.0": [
      "Composition"
    ],
    "http://hl7.org/fhir/StructureDefinition/event-performerFunction": [
      "Observation.performer"
    ],
    "http://hl7.org/fhir/StructureDefinition/individual-recordedSexOrGender": [
      "Patient"
    ],
    "http://hl7.org/fhir/StructureDefinition/iso21090-uncertainty": [
      "Quantity"
    ],
    "http://hl7.org/fhir/StructureDefinition/iso21090-uncertaintyType": [
      "Quantity"
    ],
    "http://hl7.org/fhir/StructureDefinition/note|5.2.0": [
      "Composition.section",
      "DocumentReference",
      "Encounter"
    ],
    "http://hl7.org/fhir/StructureDefinition/patient-animal": [
      "Patient"
    ],
    "http://hl7.org/fhir/StructureDefinition/patient-birthPlace": [
      "Patient"
    ],
    "http://hl7.org/fhir/StructureDefinition/patient-birthTime": [
      "Patient.birthDate"
    ],
    "http://hl7.org/fhir/StructureDefinition/patient-citizenship": [
      "Patient"
    ],
    "http://hl7.org/fhir/StructureDefinition/patient-nationality": [
      "Patient"
    ],
    "http://hl7.org/fhir/StructureDefinition/patient-sexParameterForClinicalUse": [
      "Patient"
    ],
    "http://hl7.org/fhir/StructureDefinition/regex": [
      "StructureDefinition.snapshot.element.type"
    ],
    "http://hl7.org/fhir/StructureDefinition/rendering-xhtml": [
      "CarePlan.description",
      "CarePlan.title"
    ],
    "http://hl7.org/fhir/StructureDefinition/structuredefinition-display-hint": [
      "StructureDefinition.snapshot.element"
    ],
    "http://hl7.org/fhir/StructureDefinition/structuredefinition-fhir-type": [
      "StructureDefinition.snapshot.element.type"
    ],
    "http://hl7.org/fhir/StructureDefinition/structuredefinition-fmm": [
      "StructureDefinition",
      "ValueSet"
    ],
    "http://hl7.org/fhir/StructureDefinition/structuredefinition-hierarchy": [
      "StructureDefinition.differential.element.type",
      "StructureDefinition.snapshot.element.type"
    ],
    "http://hl7.org/fhir/StructureDefinition/structuredefinition-standards-status": [
      "StructureDefinition",
      "ValueSet"
    ],
    "http://hl7.org/fhir/StructureDefinition/structuredefinition-type-characteristics": [
      "StructureDefinition"
    ],
    "http://hl7.org/fhir/StructureDefinition/structuredefinition-wg": [
      "ValueSet"
    ],
    "http://hl7.org/fhir/tools/StructureDefinition/ig-internal-dependency": [
      "ImplementationGuide.definition"
    ],
    "http://hl7.org/fhir/tools/StructureDefinition/ig-page-name": [
      "ImplementationGuide.definition.page",
      "ImplementationGuide.definition.page.page",
      "ImplementationGuide.definition.page.page.page"
    ],
    "http://hl7.org/fhir/tools/StructureDefinition/ig-parameter": [
      "ImplementationGuide.definition"
    ],
    "http://hl7.org/fhir/tools/StructureDefinition/resource-information": [
      "ImplementationGuide.definition.resource"
    ],
    "http://hl7.org/fhir/tools/StructureDefinition/snapshot-base-version": [
      "StructureDefinition.snapshot"
    ]
  }
}