{
  "resourceType" : "ValueSet",
  "id" : "device-category",
  "meta" : {
    "lastUpdated" : "2023-03-26T15:21:02.749+11:00",
    "profile" : ["http://hl7.org/fhir/StructureDefinition/shareablevalueset"]
  },
  "text" : {
    "status" : "generated",
    "div" : "<div xmlns=\"http://www.w3.org/1999/xhtml\"><ul><li>Include all codes defined in <a href=\"codesystem-device-category.html\"><code>http://hl7.org/fhir/device-category</code></a></li></ul></div>"
  },
  "extension" : [{
    "url" : "http://hl7.org/fhir/StructureDefinition/structuredefinition-wg",
    "valueCode" : "oo"
  },
  {
    "url" : "http://hl7.org/fhir/StructureDefinition/structuredefinition-standards-status",
    "valueCode" : "trial-use"
  },
  {
    "url" : "http://hl7.org/fhir/StructureDefinition/structuredefinition-fmm",
    "valueInteger" : 1
  }],
  "url" : "http://hl7.org/fhir/ValueSet/device-category",
  "identifier" : [{
    "system" : "urn:ietf:rfc:3986",
    "value" : "urn:oid:2.16.840.1.113883.4.642.3.3307"
  }],
  "version" : "5.0.0",
  "name" : "FHIRDeviceCategory",
  "title" : "FHIR Device Category",
  "status" : "draft",
  "experimental" : true,
  "date" : "2020-12-28T16:55:11+11:00",
  "publisher" : "HL7 Europe",
  "contact" : [{
    "telecom" : [{
      "system" : "url",
      "value" : "http://hl7.org/fhir"
    },
    {
      "system" : "email",
      "value" : "fhir@lists.hl7.org"
    }]
  }],
  "description" : "The association state of the device.",
  "jurisdiction" : [{
    "coding" : [{
      "system" : "http://unstats.un.org/unsd/methods/m49/m49.htm",
      "code" : "150",
      "display" : "Europe"
    }]
  }],
  "immutable" : true,
  "copyright" : "Used by permission of HL7 Europe, all rights reserved Creative Commons License",
  "compose" : {
    "include" : [{
      "system" : "http://hl7.org/fhir/device-category"
    }]
  }
}