{
  "resourceType" : "ValueSet",
  "id" : "R5-imagingselection-status-for-R4",
  "text" : {
    "status" : "generated",
    "div" : "<div xmlns=\"http://www.w3.org/1999/xhtml\"><p class=\"res-header-id\"><b>Generated Narrative: ValueSet R5-imagingselection-status-for-R4</b></p><a name=\"R5-imagingselection-status-for-R4\"> </a><a name=\"hcR5-imagingselection-status-for-R4\"> </a><p>This value set expansion contains 3 concepts.</p><table class=\"codes\"><tr><td style=\"white-space:nowrap\"><b>Code</b></td><td><b>System</b></td><td><b>Display</b></td></tr><tr><td style=\"white-space:nowrap\"><a name=\"R5-imagingselection-status-for-R4-http://hl7.org/fhir/imagingselection-status-available\"> </a>\u00a0\u00a0available</td><td>http://hl7.org/fhir/imagingselection-status</td><td>Available</td></tr><tr><td style=\"white-space:nowrap\"><a name=\"R5-imagingselection-status-for-R4-http://hl7.org/fhir/imagingselection-status-entered-in-error\"> </a>\u00a0\u00a0entered-in-error</td><td>http://hl7.org/fhir/imagingselection-status</td><td>Entered in Error</td></tr><tr><td style=\"white-space:nowrap\"><a name=\"R5-imagingselection-status-for-R4-http://hl7.org/fhir/imagingselection-status-unknown\"> </a>\u00a0\u00a0unknown</td><td>http://hl7.org/fhir/imagingselection-status</td><td>Unknown</td></tr></table></div>"
  },
  "url" : "http://hl7.org/fhir/uv/xver/5.0/ValueSet/R5-imagingselection-status-for-R4",
  "version" : "0.0.1-snapshot-1",
  "name" : "R5-imagingselection-status-for-R4",
  "title" : "Cross-version VS for R5.ImagingSelectionStatus for use in FHIR R4",
  "status" : "draft",
  "experimental" : false,
  "date" : "2025-06-03T03:14:45.7147364+02:00",
  "publisher" : "HL7 Europe",
  "contact" : [{
    "name" : "HL7 Europe",
    "telecom" : [{
      "system" : "url",
      "value" : "http://hl7.eu"
    }]
  }],
  "description" : "This cross-version ValueSet represents concepts from http://hl7.org/fhir/ValueSet/imagingselection-status|5.0.0 for use in FHIR R4. Concepts not present here have direct `equivalent` mappings crossing all versions from R5 to R4.",
  "jurisdiction" : [{
    "coding" : [{
      "system" : "http://unstats.un.org/unsd/methods/m49/m49.htm",
      "code" : "150",
      "display" : "Europe"
    }]
  }],
  "copyright" : "Used by permission of HL7 Europe, all rights reserved Creative Commons License",
  "compose" : {
    "include" : [{
      "system" : "http://hl7.org/fhir/imagingselection-status",
      "version" : "5.0.0",
      "concept" : [{
        "code" : "available",
        "display" : "Available"
      },
      {
        "code" : "entered-in-error",
        "display" : "Entered in Error"
      },
      {
        "code" : "unknown",
        "display" : "Unknown"
      }]
    }]
  },
  "expansion" : {
    "contains" : [{
      "system" : "http://hl7.org/fhir/imagingselection-status",
      "version" : "5.0.0",
      "code" : "available",
      "display" : "Available"
    },
    {
      "system" : "http://hl7.org/fhir/imagingselection-status",
      "version" : "5.0.0",
      "code" : "entered-in-error",
      "display" : "Entered in Error"
    },
    {
      "system" : "http://hl7.org/fhir/imagingselection-status",
      "version" : "5.0.0",
      "code" : "unknown",
      "display" : "Unknown"
    }]
  }
}