{
  "resourceType" : "ValueSet",
  "id" : "R5-imagingselection-2dgraphictype-for-R4",
  "text" : {
    "status" : "generated",
    "div" : "<div xmlns=\"http://www.w3.org/1999/xhtml\"><p class=\"res-header-id\"><b>Generated Narrative: ValueSet R5-imagingselection-2dgraphictype-for-R4</b></p><a name=\"R5-imagingselection-2dgraphictype-for-R4\"> </a><a name=\"hcR5-imagingselection-2dgraphictype-for-R4\"> </a><p>This value set expansion contains 5 concepts.</p><table class=\"codes\"><tr><td style=\"white-space:nowrap\"><b>Code</b></td><td><b>System</b></td><td><b>Display</b></td></tr><tr><td style=\"white-space:nowrap\"><a name=\"R5-imagingselection-2dgraphictype-for-R4-http://hl7.org/fhir/imagingselection-2dgraphictype-point\"> </a>\u00a0\u00a0point</td><td>http://hl7.org/fhir/imagingselection-2dgraphictype</td><td>POINT</td></tr><tr><td style=\"white-space:nowrap\"><a name=\"R5-imagingselection-2dgraphictype-for-R4-http://hl7.org/fhir/imagingselection-2dgraphictype-polyline\"> </a>\u00a0\u00a0polyline</td><td>http://hl7.org/fhir/imagingselection-2dgraphictype</td><td>POLYLINE</td></tr><tr><td style=\"white-space:nowrap\"><a name=\"R5-imagingselection-2dgraphictype-for-R4-http://hl7.org/fhir/imagingselection-2dgraphictype-interpolated\"> </a>\u00a0\u00a0interpolated</td><td>http://hl7.org/fhir/imagingselection-2dgraphictype</td><td>INTERPOLATED</td></tr><tr><td style=\"white-space:nowrap\"><a name=\"R5-imagingselection-2dgraphictype-for-R4-http://hl7.org/fhir/imagingselection-2dgraphictype-circle\"> </a>\u00a0\u00a0circle</td><td>http://hl7.org/fhir/imagingselection-2dgraphictype</td><td>CIRCLE</td></tr><tr><td style=\"white-space:nowrap\"><a name=\"R5-imagingselection-2dgraphictype-for-R4-http://hl7.org/fhir/imagingselection-2dgraphictype-ellipse\"> </a>\u00a0\u00a0ellipse</td><td>http://hl7.org/fhir/imagingselection-2dgraphictype</td><td>ELLIPSE</td></tr></table></div>"
  },
  "url" : "http://hl7.org/fhir/uv/xver/5.0/ValueSet/R5-imagingselection-2dgraphictype-for-R4",
  "version" : "0.0.1-snapshot-1",
  "name" : "R5-imagingselection-2dgraphictype-for-R4",
  "title" : "Cross-version VS for R5.ImagingSelection2DGraphicType for use in FHIR R4",
  "status" : "draft",
  "experimental" : false,
  "date" : "2025-06-03T03:14:45.7140378+02:00",
  "publisher" : "HL7 Europe",
  "contact" : [{
    "name" : "HL7 Europe",
    "telecom" : [{
      "system" : "url",
      "value" : "http://hl7.eu"
    }]
  }],
  "description" : "This cross-version ValueSet represents concepts from http://hl7.org/fhir/ValueSet/imagingselection-2dgraphictype|5.0.0 for use in FHIR R4. Concepts not present here have direct `equivalent` mappings crossing all versions from R5 to R4.",
  "jurisdiction" : [{
    "coding" : [{
      "system" : "http://unstats.un.org/unsd/methods/m49/m49.htm",
      "code" : "150",
      "display" : "Europe"
    }]
  }],
  "copyright" : "Used by permission of HL7 Europe, all rights reserved Creative Commons License",
  "compose" : {
    "include" : [{
      "system" : "http://hl7.org/fhir/imagingselection-2dgraphictype",
      "version" : "5.0.0",
      "concept" : [{
        "code" : "point",
        "display" : "POINT"
      },
      {
        "code" : "polyline",
        "display" : "POLYLINE"
      },
      {
        "code" : "interpolated",
        "display" : "INTERPOLATED"
      },
      {
        "code" : "circle",
        "display" : "CIRCLE"
      },
      {
        "code" : "ellipse",
        "display" : "ELLIPSE"
      }]
    }]
  },
  "expansion" : {
    "contains" : [{
      "system" : "http://hl7.org/fhir/imagingselection-2dgraphictype",
      "version" : "5.0.0",
      "code" : "point",
      "display" : "POINT"
    },
    {
      "system" : "http://hl7.org/fhir/imagingselection-2dgraphictype",
      "version" : "5.0.0",
      "code" : "polyline",
      "display" : "POLYLINE"
    },
    {
      "system" : "http://hl7.org/fhir/imagingselection-2dgraphictype",
      "version" : "5.0.0",
      "code" : "interpolated",
      "display" : "INTERPOLATED"
    },
    {
      "system" : "http://hl7.org/fhir/imagingselection-2dgraphictype",
      "version" : "5.0.0",
      "code" : "circle",
      "display" : "CIRCLE"
    },
    {
      "system" : "http://hl7.org/fhir/imagingselection-2dgraphictype",
      "version" : "5.0.0",
      "code" : "ellipse",
      "display" : "ELLIPSE"
    }]
  }
}