<?xml version="1.0" encoding="UTF-8"?>

<ValueSet xmlns="http://hl7.org/fhir">
  <id value="R5-imagingselection-3dgraphictype-for-R4"/>
  <text>
    <status value="generated"/><div xmlns="http://www.w3.org/1999/xhtml"><p class="res-header-id"><b>Generated Narrative: ValueSet R5-imagingselection-3dgraphictype-for-R4</b></p><a name="R5-imagingselection-3dgraphictype-for-R4"> </a><a name="hcR5-imagingselection-3dgraphictype-for-R4"> </a><p>This value set expansion contains 6 concepts.</p><table class="codes"><tr><td style="white-space:nowrap"><b>Code</b></td><td><b>System</b></td><td><b>Display</b></td></tr><tr><td style="white-space:nowrap"><a name="R5-imagingselection-3dgraphictype-for-R4-http://hl7.org/fhir/imagingselection-3dgraphictype-point"> </a>  point</td><td>http://hl7.org/fhir/imagingselection-3dgraphictype</td><td>POINT</td></tr><tr><td style="white-space:nowrap"><a name="R5-imagingselection-3dgraphictype-for-R4-http://hl7.org/fhir/imagingselection-3dgraphictype-multipoint"> </a>  multipoint</td><td>http://hl7.org/fhir/imagingselection-3dgraphictype</td><td>MULTIPOINT</td></tr><tr><td style="white-space:nowrap"><a name="R5-imagingselection-3dgraphictype-for-R4-http://hl7.org/fhir/imagingselection-3dgraphictype-polyline"> </a>  polyline</td><td>http://hl7.org/fhir/imagingselection-3dgraphictype</td><td>POLYLINE</td></tr><tr><td style="white-space:nowrap"><a name="R5-imagingselection-3dgraphictype-for-R4-http://hl7.org/fhir/imagingselection-3dgraphictype-polygon"> </a>  polygon</td><td>http://hl7.org/fhir/imagingselection-3dgraphictype</td><td>POLYGON</td></tr><tr><td style="white-space:nowrap"><a name="R5-imagingselection-3dgraphictype-for-R4-http://hl7.org/fhir/imagingselection-3dgraphictype-ellipse"> </a>  ellipse</td><td>http://hl7.org/fhir/imagingselection-3dgraphictype</td><td>ELLIPSE</td></tr><tr><td style="white-space:nowrap"><a name="R5-imagingselection-3dgraphictype-for-R4-http://hl7.org/fhir/imagingselection-3dgraphictype-ellipsoid"> </a>  ellipsoid</td><td>http://hl7.org/fhir/imagingselection-3dgraphictype</td><td>ELLIPSOID</td></tr></table></div>
  </text>
  <url value="http://hl7.org/fhir/uv/xver/5.0/ValueSet/R5-imagingselection-3dgraphictype-for-R4"/>
  <version value="0.0.1-snapshot-1"/>
  <name value="R5-imagingselection-3dgraphictype-for-R4"/>
  <title value="Cross-version VS for R5.ImagingSelection3DGraphicType for use in FHIR R4"/>
  <status value="draft"/>
  <experimental value="false"/>
  <date value="2025-06-03T03:14:45.7144137+02:00"/>
  <publisher value="HL7 Europe"/>
  <contact>
    <name value="HL7 Europe"/>
    <telecom>
      <system value="url"/>
      <value value="http://hl7.eu"/>
    </telecom>
  </contact>
  <description value="This cross-version ValueSet represents concepts from http://hl7.org/fhir/ValueSet/imagingselection-3dgraphictype|5.0.0 for use in FHIR R4. Concepts not present here have direct `equivalent` mappings crossing all versions from R5 to R4."/>
  <jurisdiction>
    <coding>
      <system value="http://unstats.un.org/unsd/methods/m49/m49.htm"/>
      <code value="150"/>
      <display value="Europe"/>
    </coding>
  </jurisdiction>
  <copyright value="Used by permission of HL7 Europe, all rights reserved Creative Commons License"/>
  <compose>
    <include>
      <system value="http://hl7.org/fhir/imagingselection-3dgraphictype"/>
      <version value="5.0.0"/>
      <concept>
        <code value="point"/>
        <display value="POINT"/>
      </concept>
      <concept>
        <code value="multipoint"/>
        <display value="MULTIPOINT"/>
      </concept>
      <concept>
        <code value="polyline"/>
        <display value="POLYLINE"/>
      </concept>
      <concept>
        <code value="polygon"/>
        <display value="POLYGON"/>
      </concept>
      <concept>
        <code value="ellipse"/>
        <display value="ELLIPSE"/>
      </concept>
      <concept>
        <code value="ellipsoid"/>
        <display value="ELLIPSOID"/>
      </concept>
    </include>
  </compose>
  <expansion>
    <contains>
      <system value="http://hl7.org/fhir/imagingselection-3dgraphictype"/>
      <version value="5.0.0"/>
      <code value="point"/>
      <display value="POINT"/>
    </contains>
    <contains>
      <system value="http://hl7.org/fhir/imagingselection-3dgraphictype"/>
      <version value="5.0.0"/>
      <code value="multipoint"/>
      <display value="MULTIPOINT"/>
    </contains>
    <contains>
      <system value="http://hl7.org/fhir/imagingselection-3dgraphictype"/>
      <version value="5.0.0"/>
      <code value="polyline"/>
      <display value="POLYLINE"/>
    </contains>
    <contains>
      <system value="http://hl7.org/fhir/imagingselection-3dgraphictype"/>
      <version value="5.0.0"/>
      <code value="polygon"/>
      <display value="POLYGON"/>
    </contains>
    <contains>
      <system value="http://hl7.org/fhir/imagingselection-3dgraphictype"/>
      <version value="5.0.0"/>
      <code value="ellipse"/>
      <display value="ELLIPSE"/>
    </contains>
    <contains>
      <system value="http://hl7.org/fhir/imagingselection-3dgraphictype"/>
      <version value="5.0.0"/>
      <code value="ellipsoid"/>
      <display value="ELLIPSOID"/>
    </contains>
  </expansion>
</ValueSet>