"Id","Path","Slice Name","Alias(s)","Label","Min","Max","Must Support?","Is Modifier?","Is Summary?","Type(s)","Short","Definition","Comments","Requirements","Default Value","Meaning When Missing","Fixed Value","Pattern","Example","Minimum Value","Maximum Value","Maximum Length","Binding Strength","Binding Description","Binding Value Set","Code","Slicing Discriminator","Slicing Description","Slicing Ordered","Slicing Rules","Base Path","Base Min","Base Max","Condition(s)","Constraint(s)","Mapping: RIM Mapping"
"EHDSDispenseDecline","EHDSDispenseDecline","","","",0,*,"","","","null {[]} {[]}
","Dispense decline","Explicit statement about declining the dispense request (prescription), usually recorded in order to communicate the issue back to the prescriber. Reasons for declining a dispense may vary, but typically this statement is only sent when a following action is expected on the prescriber’s side (cancelling or changing the problematic prescription or the whole treatment).","","","","","","","","","",,,,,"",,,,"Base",0,*,"",""
"EHDSDispenseDecline.header","EHDSDispenseDecline.header","","","",1,1,"","","","https://www.xt-ehr.eu/specifications/fhir/StructureDefinition/EHDSMedicationDispenseHeader {[]} {[]}
","Header level metadata about the dispense decline.","Header level metadata about the dispense decline.","","","","","","","","","",,,,,"",,,,"EHDSDispenseDecline.header",1,1,"",""
"EHDSDispenseDecline.relatedRequest","EHDSDispenseDecline.relatedRequest","","","",1,*,"","","","https://www.xt-ehr.eu/specifications/fhir/StructureDefinition/EHDSMedicationPrescription {[]} {[]}
","The single-line prescription or prescription line item that was declined by the dispenser","TODO Prescription when oneliner, item when multiple","","","","","","","","","",,,,,"",,,,"EHDSDispenseDecline.relatedRequest",1,*,"",""
"EHDSDispenseDecline.reason[x]","EHDSDispenseDecline.reason[x]","","","",1,1,"","","","CodeableConcept {[]} {[]}
string {[]} {[]}","Reason for not performing the dispensation.","Reason for not performing the dispensation.","","","","","","","","","",,,,,"",,,,"EHDSDispenseDecline.reason[x]",1,1,"",""
"EHDSDispenseDecline.comment","EHDSDispenseDecline.comment","","","",0,1,"","","","string {[]} {[]}
","Additional information about why the dispensation was declined.","Additional information about why the dispensation was declined.","","","","","","","","","",,,,,"",,,,"EHDSDispenseDecline.comment",0,1,"",""
