"Id","Path","Slice Name","Alias(s)","Label","Min","Max","Must Support?","Is Modifier?","Is Summary?","Type(s)","Short","Definition","Comments","Requirements","Default Value","Meaning When Missing","Fixed Value","Pattern","Example","Minimum Value","Maximum Value","Maximum Length","Binding Strength","Binding Description","Binding Value Set","Code","Slicing Discriminator","Slicing Description","Slicing Ordered","Slicing Rules","Base Path","Base Min","Base Max","Condition(s)","Constraint(s)","Mapping: Workflow Pattern","Mapping: FiveWs Pattern Mapping","Mapping: FHIR Composition","Mapping: RIM Mapping","Mapping: XDS metadata equivalent","Mapping: CDA (R2)","Mapping: HL7 V2 Mapping"
"DocumentReference","DocumentReference","","","",0,*,"","","","null {[]} {[]}
","A reference to a document","A reference to a document of any kind for any purpose. While the term “document” implies a more narrow focus, for this resource this ""document"" encompasses *any* serialized object with a mime-type, it includes formal patient-centric documents (CDA), clinical notes, scanned paper, non-patient specific documents like policy text, as well as a photo, video, or audio recording acquired or used in healthcare.  The DocumentReference resource provides metadata about the document so that the document can be discovered and managed.  The actual content may be inline base64 encoded data or provided by direct reference.","Usually, this is used for documents other than those defined by FHIR.","","","","","","","","",,,,,"",,,,"DocumentReference",0,*,"","docRef-1:facilityType SHALL only be present if context is not an encounter {facilityType.empty() or context.where(resolve() is Encounter).empty()}
docRef-2:practiceSetting SHALL only be present if context is not present {practiceSetting.empty() or context.where(resolve() is Encounter).empty()}dom-2:If the resource is contained in another resource, it SHALL NOT contain nested Resources {contained.contained.empty()}dom-3:If the resource is contained in another resource, it SHALL be referred to from elsewhere in the resource or SHALL refer to the containing resource {contained.where((('#'+id in (%resource.descendants().reference | %resource.descendants().ofType(canonical) | %resource.descendants().ofType(uri) | %resource.descendants().ofType(url))) or descendants().where(reference = '#').exists() or descendants().where(ofType(canonical) = '#').exists() or descendants().where(ofType(canonical) = '#').exists()).not()).trace('unmatched', id).empty()}dom-4:If a resource is contained in another resource, it SHALL NOT have a meta.versionId or a meta.lastUpdated {contained.meta.versionId.empty() and contained.meta.lastUpdated.empty()}dom-5:If a resource is contained in another resource, it SHALL NOT have a security label {contained.meta.security.empty()}dom-6:A resource should have narrative for robust management {text.`div`.exists()}","Event","infrastructure.documents","when describing a Composition","Entity, Role, or Act,Document[classCode=""DOC"" and moodCode=""EVN""]","DocumentEntry","when describing a CDA"
"DocumentReference.id","DocumentReference.id","","","",0,1,"","","Y","id {[]} {[]}
","Logical id of this artifact","The logical id of the resource, as used in the URL for the resource. Once assigned, this value never changes.","Within the context of the FHIR RESTful interactions, the resource has an id except for cases like the create and conditional update. Otherwise, the use of the resouce id depends on the given use case.","","","","","","","","",,,,,"",,,,"Resource.id",0,1,"",""
"DocumentReference.meta","DocumentReference.meta","","","",0,1,"","","Y","Meta {[]} {[]}
","Metadata about the resource","The metadata about the resource. This is content that is maintained by the infrastructure. Changes to the content might not always be associated with version changes to the resource.","","","","","","","","","",,,,,"",,,,"Resource.meta",0,1,"","ele-1:All FHIR elements must have a @value or children {hasValue() or (children().count() > id.count())}
"
"DocumentReference.implicitRules","DocumentReference.implicitRules","","","",0,1,"","Y","Y","uri {[]} {[]}
","A set of rules under which this content was created","A reference to a set of rules that were followed when the resource was constructed, and which must be understood when processing the content. Often, this is a reference to an implementation guide that defines the special rules along with other profiles etc.","Asserting this rule set restricts the content to be only understood by a limited set of trading partners. This inherently limits the usefulness of the data in the long term. However, the existing health eco-system is highly fractured, and not yet ready to define, collect, and exchange data in a generally computable sense. Wherever possible, implementers and/or specification writers should avoid using this element. Often, when used, the URL is a reference to an implementation guide that defines these special rules as part of its narrative along with other profiles, value sets, etc.","","","","","","","","",,,,,"",,,,"Resource.implicitRules",0,1,"","ele-1:All FHIR elements must have a @value or children {hasValue() or (children().count() > id.count())}
"
"DocumentReference.language","DocumentReference.language","","","",0,1,"","","","code {[]} {[]}
","Language of the resource content","The base language in which the resource is written.","Language is provided to support indexing and accessibility (typically, services such as text to speech use the language tag). The html language tag in the narrative applies  to the narrative. The language tag on the resource may be used to specify the language of other presentations generated from the data in the resource. Not all the content has to be in the base language. The Resource.language should not be assumed to apply to the narrative automatically. If a language is specified, it should it also be specified on the div element in the html (see rules in HTML5 for information about the relationship between xml:lang and the html lang attribute).","","","","","","","","",,"required","IETF language tag for a human language","http://hl7.org/fhir/ValueSet/all-languages|5.0.0","",,,,"Resource.language",0,1,"","ele-1:All FHIR elements must have a @value or children {hasValue() or (children().count() > id.count())}
"
"DocumentReference.text","DocumentReference.text","","narrative
htmlxhtmldisplay","",0,1,"","","","Narrative {[]} {[]}
","Text summary of the resource, for human interpretation","A human-readable narrative that contains a summary of the resource and can be used to represent the content of the resource to a human. The narrative need not encode all the structured data, but is required to contain sufficient detail to make it ""clinically safe"" for a human to just read the narrative. Resource definitions may define what content should be represented in the narrative to ensure clinical safety.","Contained resources do not have a narrative. Resources that are not contained SHOULD have a narrative. In some cases, a resource may only have text with little or no additional discrete data (as long as all minOccurs=1 elements are satisfied).  This may be necessary for data from legacy systems where information is captured as a ""text blob"" or where text is additionally entered raw or narrated and encoded information is added later.","","","","","","","","",,,,,"",,,,"DomainResource.text",0,1,"dom-6
","ele-1:All FHIR elements must have a @value or children {hasValue() or (children().count() > id.count())}
","Act.text?"
"DocumentReference.contained","DocumentReference.contained","","inline resources
anonymous resourcescontained resources","",0,*,"","","","Resource {[]} {[]}
","Contained, inline Resources","These resources do not have an independent existence apart from the resource that contains them - they cannot be identified independently, nor can they have their own independent transaction scope. This is allowed to be a Parameters resource if and only if it is referenced by a resource that provides context/meaning.","This should never be done when the content can be identified properly, as once identification is lost, it is extremely difficult (and context dependent) to restore it again. Contained resources may have profiles and tags in their meta elements, but SHALL NOT have security labels.","","","","","","","","",,,,,"",,,,"DomainResource.contained",0,*,"dom-2
dom-4dom-3dom-5","","N/A"
"DocumentReference.extension","DocumentReference.extension","","extensions
user content","",0,*,"","","","Extension {[]} {[]}
","Additional content defined by implementations","May be used to represent additional information that is not part of the basic definition of the resource. To make the use of extensions safe and managable, there is a strict set of governance applied to the definition and use of extensions. Though any implementer can define an extension, there is a set of requirements that SHALL be met as part of the definition of the extension.","There can be no stigma associated with the use of extensions by any application, project, or standard - regardless of the institution or jurisdiction that uses or defines the extensions.  The use of extensions is what allows the FHIR specification to retain a core level of simplicity for everyone.","","","","","","","","",,,,,"",,,,"DomainResource.extension",0,*,"","ele-1:All FHIR elements must have a @value or children {hasValue() or (children().count() > id.count())}
ext-1:Must have either extensions or value[x], not both {extension.exists() != value.exists()}","N/A"
"DocumentReference.modifierExtension","DocumentReference.modifierExtension","","","",0,0,"","Y","Y","Extension {[]} {[]}
","Extension","An Extension","","","","","","","","","",,,,,"",,,,"DomainResource.modifierExtension",0,*,"","ele-1:All FHIR elements must have a @value or children {hasValue() or (children().count() > id.count())}
ext-1:Must have either extensions or value[x], not both {extension.exists() != value.exists()}"
"DocumentReference.identifier","DocumentReference.identifier","","","",1,*,"","","Y","Identifier {[]} {[]}
","Business identifiers for the document","Other business identifiers associated with the document, including version independent identifiers.","The structure and format of this identifier would be consistent with the specification corresponding to the format of the document. (e.g. for a DICOM standard document, a 64-character numeric UID; for an HL7 CDA format, the CDA Document Id root and extension).","Document identifiers usually assigned by the source of the document, or other business identifiers such as XDS DocumentEntry.uniqueId and DocumentEntry.entryUUID. These identifiers are specific to this instance of the document.","","","","","","","",,,,,"","value:system}
","",,"open","DocumentReference.identifier",0,*,"","ele-1:All FHIR elements must have a @value or children {hasValue() or (children().count() > id.count())}
","Event.identifier","FiveWs.identifier","Composition.identifier",".id / .setId","DocumentEntry.entryUUID, DocumentEntry.uniqueId","ClinicalDocument/id","TXA-12"
"DocumentReference.identifier:entry-uuid","DocumentReference.identifier","entry-uuid","","",1,1,"","","Y","Identifier {[CanonicalType[http://hl7.eu/fhir/imaging-r5/StructureDefinition/IheMhdEntryUUIDIdentifier]]} {[]}
","Business identifiers for the document","Other business identifiers associated with the document, including version independent identifiers.","The structure and format of this identifier would be consistent with the specification corresponding to the format of the document. (e.g. for a DICOM standard document, a 64-character numeric UID; for an HL7 CDA format, the CDA Document Id root and extension).","Document identifiers usually assigned by the source of the document, or other business identifiers such as XDS DocumentEntry.uniqueId and DocumentEntry.entryUUID. These identifiers are specific to this instance of the document.","","","","","","","",,,,,"",,,,"DocumentReference.identifier",0,*,"","ele-1:All FHIR elements must have a @value or children {hasValue() or (children().count() > id.count())}
","Event.identifier","FiveWs.identifier","Composition.identifier",".id / .setId","DocumentEntry.entryUUID, DocumentEntry.uniqueId","ClinicalDocument/id","TXA-12"
"DocumentReference.version","DocumentReference.version","","","",0,1,"","","Y","string {[]} {[]}
","An explicitly assigned identifer of a variation of the content in the DocumentReference","An explicitly assigned identifer of a variation of the content in the DocumentReference.","While each resource, including the DocumentReference itself, has its own version identifier, this is a formal identifier for the logical version of the DocumentReference as a whole. It would remain constant if the resources were moved to a new server, and all got new individual resource versions, for example.","","","","","","","","",,,,,"",,,,"DocumentReference.version",0,1,"","ele-1:All FHIR elements must have a @value or children {hasValue() or (children().count() > id.count())}
","FiveWs.version","Composition.version"
"DocumentReference.basedOn","DocumentReference.basedOn","","fulfills
","",0,*,"","","","Reference {[]} {[CanonicalType[http://hl7.org/fhir/StructureDefinition/Appointment], CanonicalType[http://hl7.org/fhir/StructureDefinition/AppointmentResponse], CanonicalType[http://hl7.org/fhir/StructureDefinition/CarePlan], CanonicalType[http://hl7.org/fhir/StructureDefinition/Claim], CanonicalType[http://hl7.org/fhir/StructureDefinition/CommunicationRequest], CanonicalType[http://hl7.org/fhir/StructureDefinition/Contract], CanonicalType[http://hl7.org/fhir/StructureDefinition/CoverageEligibilityRequest], CanonicalType[http://hl7.org/fhir/StructureDefinition/DeviceRequest], CanonicalType[http://hl7.org/fhir/StructureDefinition/EnrollmentRequest], CanonicalType[http://hl7.org/fhir/StructureDefinition/ImmunizationRecommendation], CanonicalType[http://hl7.org/fhir/StructureDefinition/MedicationRequest], CanonicalType[http://hl7.org/fhir/StructureDefinition/NutritionOrder], CanonicalType[http://hl7.org/fhir/StructureDefinition/RequestOrchestration], CanonicalType[http://hl7.org/fhir/StructureDefinition/ServiceRequest], CanonicalType[http://hl7.org/fhir/StructureDefinition/SupplyRequest], CanonicalType[http://hl7.org/fhir/StructureDefinition/VisionPrescription]]}
","Procedure that caused this media to be created","A procedure that is fulfilled in whole or in part by the creation of this media.","","Allows tracing of authorization for the event and tracking whether proposals/recommendations were acted upon.","","","","","","","",,,,,"",,,,"DocumentReference.basedOn",0,*,"","ele-1:All FHIR elements must have a @value or children {hasValue() or (children().count() > id.count())}
",".outboundRelationship[typeCode=FLFS].target","DocumentEntry.referenceIdList"
"DocumentReference.status","DocumentReference.status","","","",1,1,"","Y","Y","code {[]} {[]}
","current | superseded | entered-in-error","The status of this document reference.","This is the status of the DocumentReference object, which might be independent from the docStatus element.

This element is labeled as a modifier because the status contains the codes that mark the document or reference as not currently valid.","","","","","","","","",,"required","The status of the document reference.","http://hl7.org/fhir/ValueSet/document-reference-status|5.0.0","",,,,"DocumentReference.status",1,1,"","ele-1:All FHIR elements must have a @value or children {hasValue() or (children().count() > id.count())}
","Event.status","FiveWs.status","interim: .completionCode=""IN"" & ./statusCode[isNormalDatatype()]=""active"";  final: .completionCode=""AU"" &&  ./statusCode[isNormalDatatype()]=""complete"" and not(./inboundRelationship[typeCode=""SUBJ"" and isNormalActRelationship()]/source[subsumesCode(""ActClass#CACT"") and moodCode=""EVN"" and domainMember(""ReviseDocument"", code) and isNormalAct()]);  amended: .completionCode=""AU"" &&  ./statusCode[isNormalDatatype()]=""complete"" and ./inboundRelationship[typeCode=""SUBJ"" and isNormalActRelationship()]/source[subsumesCode(""ActClass#CACT"") and moodCode=""EVN"" and domainMember(""ReviseDocument"", code) and isNormalAct() and statusCode=""completed""];  withdrawn : .completionCode=NI &&  ./statusCode[isNormalDatatype()]=""obsolete""","DocumentEntry.availabilityStatus","TXA-19"
"DocumentReference.docStatus","DocumentReference.docStatus","","","",0,1,"","","Y","code {[]} {[]}
","registered | partial | preliminary | final | amended | corrected | appended | cancelled | entered-in-error | deprecated | unknown","The status of the underlying document.","The document that is pointed to might be in various lifecycle states.","","","","","","","","",,"required","Status of the underlying document.","http://hl7.org/fhir/ValueSet/composition-status|5.0.0","",,,,"DocumentReference.docStatus",0,1,"","ele-1:All FHIR elements must have a @value or children {hasValue() or (children().count() > id.count())}
","FiveWs.status","Composition.status",".statusCode","TXA-17"
"DocumentReference.modality","DocumentReference.modality","","","",1,*,"","","Y","CodeableConcept {[]} {[]}
","Imaging modality used","Imaging modality used. This may include both acquisition and non-acquisition modalities.","","","","","","","","","",,"extensible","Type of acquired data in the instance.","http://dicom.nema.org/medical/dicom/current/output/chtml/part16/sect_CID_33.html","",,,,"DocumentReference.modality",0,*,"","ele-1:All FHIR elements must have a @value or children {hasValue() or (children().count() > id.count())}
","FiveWs.class"
"DocumentReference.type","DocumentReference.type","","","",1,1,"","","Y","CodeableConcept {[]} {[]}
","Type of Imaging Diagnostic Report","Specifies that it refers to a Imaging Report","Corresponds to the type of the Imaging resource.","","","","","","","","",,"preferred","","http://hl7.eu/fhir/imaging-r5/ValueSet/ImImagingReportTypesEuVS","",,,,"DocumentReference.type",0,1,"","ele-1:All FHIR elements must have a @value or children {hasValue() or (children().count() > id.count())}
","Event.code","FiveWs.what[x]","Composition.type","./code","DocumentEntry.typeCode","ClinicalDocument/code/@code 

The typeCode should be mapped from the ClinicalDocument/code element to a set of document type codes configured in the affinity domain. One suggested coding system to use for typeCode is LOINC, in which case the mapping step can be omitted.","TXA-2"
"DocumentReference.category","DocumentReference.category","","class
classCode","",1,*,"","","Y","CodeableConcept {[]} {[]}
","Categorization of document","A categorization for the type of document referenced - helps for indexing and searching. This may be implied by or derived from the code specified in the DocumentReference.type.","Key metadata element describing the the category or classification of the document. This is a broader perspective that groups similar documents based on how they would be used. This is a primary key used in searching.","","","","","","","","",,"example","High-level kind of document at a macro level.","http://hl7.org/fhir/ValueSet/referenced-item-category","","value:$this}
","",,"open","DocumentReference.category",0,*,"","ele-1:All FHIR elements must have a @value or children {hasValue() or (children().count() > id.count())}
","FiveWs.what[x]","Composition.category",".outboundRelationship[typeCode=""COMP].target[classCode=""LIST"", moodCode=""EVN""].code","DocumentEntry.classCode","Derived from a mapping of /ClinicalDocument/code/@code to an Affinity Domain specified coded value to use and coding system. Affinity Domains are encouraged to use the appropriate value for Type of Service, based on the LOINC Type of Service (see Page 53 of the LOINC User's Manual). Must be consistent with /ClinicalDocument/code/@code"
"DocumentReference.category:imaging","DocumentReference.category","imaging","class
classCode","",1,1,"","","Y","CodeableConcept {[]} {[]}
","Categorization of document","A categorization for the type of document referenced - helps for indexing and searching. This may be implied by or derived from the code specified in the DocumentReference.type.","Key metadata element describing the the category or classification of the document. This is a broader perspective that groups similar documents based on how they would be used. This is a primary key used in searching.","","","","","<valueCodeableConcept xmlns=""http://hl7.org/fhir"">
  <coding>
    <system value=""http://loinc.org""/>
    <code value=""18748-4""/>
    <display value=""Diagnostic imaging study""/>
  </coding>
</valueCodeableConcept>","","","",,"example","High-level kind of document at a macro level.","http://hl7.org/fhir/ValueSet/referenced-item-category","",,,,"DocumentReference.category",0,*,"","ele-1:All FHIR elements must have a @value or children {hasValue() or (children().count() > id.count())}
","FiveWs.what[x]","Composition.category",".outboundRelationship[typeCode=""COMP].target[classCode=""LIST"", moodCode=""EVN""].code","DocumentEntry.classCode","Derived from a mapping of /ClinicalDocument/code/@code to an Affinity Domain specified coded value to use and coding system. Affinity Domains are encouraged to use the appropriate value for Type of Service, based on the LOINC Type of Service (see Page 53 of the LOINC User's Manual). Must be consistent with /ClinicalDocument/code/@code"
"DocumentReference.subject","DocumentReference.subject","","","",1,1,"","","Y","Reference {[]} {[CanonicalType[http://hl7.org/fhir/StructureDefinition/Resource]]}
","Who/what is the subject of the document","Who or what the document is about. The document can be about a person, (patient or healthcare practitioner), a device (e.g. a machine) or even a group of subjects (such as a document about a herd of farm animals, or a set of patients that share a common exposure).","","","","","","","","","",,,,,"",,,,"DocumentReference.subject",0,1,"","ele-1:All FHIR elements must have a @value or children {hasValue() or (children().count() > id.count())}
","Event.subject","FiveWs.subject[x]","Composition.subject",".participation[typeCode=""SBJ""].role[typeCode=""PAT""]","DocumentEntry.patientId","ClinicalDocument/recordTarget/","PID-3 (No standard way to define a Practitioner or Group subject in HL7 V2 MDM message)"
"DocumentReference.context","DocumentReference.context","","","",0,*,"","","","Reference {[]} {[CanonicalType[http://hl7.org/fhir/StructureDefinition/Appointment], CanonicalType[http://hl7.org/fhir/StructureDefinition/Encounter], CanonicalType[http://hl7.org/fhir/StructureDefinition/EpisodeOfCare]]}
","Context of the document content","Describes the clinical encounter or type of care that the document content is associated with.","","","","","","","","","",,,,,"",,,,"DocumentReference.context",0,*,"docRef-1
docRef-2","ele-1:All FHIR elements must have a @value or children {hasValue() or (children().count() > id.count())}
","Event.encounter","FiveWs.context","Composition.encounter","unique(highest(./outboundRelationship[typeCode=""SUBJ"" and isNormalActRelationship()], priorityNumber)/target[moodCode=""EVN"" and classCode=(""ENC"", ""PCPR"") and isNormalAct])"
"DocumentReference.event","DocumentReference.event","","","",0,*,"","","","CodeableReference {[]} {[]}
","Main clinical acts documented","This list of codes represents the main clinical acts, such as a colonoscopy or an appendectomy, being documented. In some cases, the event is inherent in the type Code, such as a ""History and Physical Report"" in which the procedure being documented is necessarily a ""History and Physical"" act.","An event can further specialize the act inherent in the type, such as  where it is simply ""Procedure Report"" and the procedure was a ""colonoscopy"". If one or more event codes are included, they shall not conflict with the values inherent in the class or type elements as such a conflict would create an ambiguous situation.","","","","","","","","",,"example","This list of codes represents the main clinical acts being documented.","http://terminology.hl7.org/ValueSet/v3-ActCode","",,,,"DocumentReference.event",0,*,"","ele-1:All FHIR elements must have a @value or children {hasValue() or (children().count() > id.count())}
","Composition.event.detail",".code","DocumentEntry.referenceIdList"
"DocumentReference.bodySite","DocumentReference.bodySite","","","",0,*,"","","Y","CodeableReference {[]} {[CanonicalType[http://hl7.org/fhir/StructureDefinition/BodyStructure]]}
","Body part included","The anatomic structures included in the document.","","","","","","","","","",,"example","SNOMED CT Body site concepts","http://hl7.org/fhir/ValueSet/body-site","",,,,"DocumentReference.bodySite",0,*,"","ele-1:All FHIR elements must have a @value or children {hasValue() or (children().count() > id.count())}
",".targetSiteCode"
"DocumentReference.facilityType","DocumentReference.facilityType","","","",0,1,"","","","CodeableConcept {[]} {[]}
","Kind of facility where patient was seen","The kind of facility where the patient was seen.","","","","","","","","","",,"example","XDS Facility Type.","http://hl7.org/fhir/ValueSet/c80-facilitycodes","",,,,"DocumentReference.facilityType",0,1,"docRef-1
","ele-1:All FHIR elements must have a @value or children {hasValue() or (children().count() > id.count())}
","usually from a mapping to a local ValueSet",".participation[typeCode=""LOC""].role[classCode=""DSDLOC""].code","DocumentEntry.healthcareFacilityTypeCode","usually a mapping to a local ValueSet. Must be consistent with /clinicalDocument/code"
"DocumentReference.practiceSetting","DocumentReference.practiceSetting","","","",0,1,"","","","CodeableConcept {[]} {[]}
","Additional details about where the content was created (e.g. clinical specialty)","This property may convey specifics about the practice setting where the content was created, often reflecting the clinical specialty.","This element should be based on a coarse classification system for the class of specialty practice. Recommend the use of the classification system for Practice Setting, such as that described by the Subject Matter Domain in LOINC.","This is an important piece of metadata that providers often rely upon to quickly sort and/or filter out to find specific content.","","","","","","","",,"example","Additional details about where the content was created (e.g. clinical specialty).","http://hl7.org/fhir/ValueSet/c80-practice-codes","",,,,"DocumentReference.practiceSetting",0,1,"docRef-2
","ele-1:All FHIR elements must have a @value or children {hasValue() or (children().count() > id.count())}
","usually from a mapping to a local ValueSet",".participation[typeCode=""LOC""].role[classCode=""DSDLOC""].code","DocumentEntry.practiceSettingCode","usually from a mapping to a local ValueSet"
"DocumentReference.period","DocumentReference.period","","","",0,1,"","","Y","Period {[]} {[]}
","Time of service that is being documented","The time period over which the service that is described by the document was provided.","","","","","","","","","",,,,,"",,,,"DocumentReference.period",0,1,"","ele-1:All FHIR elements must have a @value or children {hasValue() or (children().count() > id.count())}
","Composition.event.period",".effectiveTime","DocumentEntry.serviceStartTime, DocumentEntry.serviceStopTime","ClinicalDocument/documentationOf/
serviceEvent/effectiveTime/low/
@value --> ClinicalDocument/documentationOf/
serviceEvent/effectiveTime/high/
@value"
"DocumentReference.date","DocumentReference.date","","indexed
","",0,1,"","","Y","instant {[]} {[]}
","When this document reference was created","When the document reference was created.","Referencing/indexing time is used for tracking, organizing versions and searching.","","","","","","","","",,,,,"",,,,"DocumentReference.date",0,1,"","ele-1:All FHIR elements must have a @value or children {hasValue() or (children().count() > id.count())}
","Event.occurrence[x]","FiveWs.recorded","Composition.date",".availabilityTime[type=""TS""]"
"DocumentReference.author","DocumentReference.author","","","",0,*,"","","Y","Reference {[]} {[CanonicalType[http://hl7.org/fhir/StructureDefinition/Practitioner], CanonicalType[http://hl7.org/fhir/StructureDefinition/PractitionerRole], CanonicalType[http://hl7.org/fhir/StructureDefinition/Organization], CanonicalType[http://hl7.org/fhir/StructureDefinition/Device], CanonicalType[http://hl7.org/fhir/StructureDefinition/Patient], CanonicalType[http://hl7.org/fhir/StructureDefinition/RelatedPerson], CanonicalType[http://hl7.org/fhir/StructureDefinition/CareTeam]]}
","Who and/or what authored the document","Identifies who is responsible for adding the information to the document.","Not necessarily who did the actual data entry (i.e. typist) or who was the source (informant).","","","","","","","","",,,,,"",,,,"DocumentReference.author",0,*,"","ele-1:All FHIR elements must have a @value or children {hasValue() or (children().count() > id.count())}
","Event.performer.actor","Composition.author",".participation[typeCode=""AUT""].role[classCode=""ASSIGNED""]","DocumentEntry.author","ClinicalDocument/author","TXA-9 (No standard way to indicate a Device in HL7 V2 MDM message)"
"DocumentReference.attester","DocumentReference.attester","","","",0,*,"","","","BackboneElement {[]} {[]}
","Attests to accuracy of the document","A participant who has authenticated the accuracy of the document.","Only list each attester once.","Identifies responsibility for the accuracy of the document content.","","","","","","","",,,,,"",,,,"DocumentReference.attester",0,*,"","ele-1:All FHIR elements must have a @value or children {hasValue() or (children().count() > id.count())}
","Event.performer.actor","Composition.attester",".participation[typeCode=""AUTHEN""].role[classCode=""ASSIGNED""]","DocumentEntry.legalAuthenticator",".authenticator/.legalAuthenticator"
"DocumentReference.attester.id","DocumentReference.attester.id","","","",0,1,"","","","string {[]} {[]}
","Unique id for inter-element referencing","Unique id for the element within a resource (for internal references). This may be any string value that does not contain spaces.","","","","","","","","","",,,,,"",,,,"Element.id",0,1,"ele-1
","","n/a"
"DocumentReference.attester.extension","DocumentReference.attester.extension","","extensions
user content","",0,*,"","","","Extension {[]} {[]}
","Additional content defined by implementations","May be used to represent additional information that is not part of the basic definition of the element. To make the use of extensions safe and managable, there is a strict set of governance applied to the definition and use of extensions. Though any implementer can define an extension, there is a set of requirements that SHALL be met as part of the definition of the extension.","There can be no stigma associated with the use of extensions by any application, project, or standard - regardless of the institution or jurisdiction that uses or defines the extensions.  The use of extensions is what allows the FHIR specification to retain a core level of simplicity for everyone.","","","","","","","","",,,,,"",,,,"Element.extension",0,*,"","ele-1:All FHIR elements must have a @value or children {hasValue() or (children().count() > id.count())}
ext-1:Must have either extensions or value[x], not both {extension.exists() != value.exists()}","n/a"
"DocumentReference.attester.modifierExtension","DocumentReference.attester.modifierExtension","","extensions
user contentmodifiers","",0,*,"","Y","Y","Extension {[]} {[]}
","Extensions that cannot be ignored even if unrecognized","May be used to represent additional information that is not part of the basic definition of the element and that modifies the understanding of the element in which it is contained and/or the understanding of the containing element's descendants. Usually modifier elements provide negation or qualification. To make the use of extensions safe and managable, there is a strict set of governance applied to the definition and use of extensions. Though any implementer can define an extension, there is a set of requirements that SHALL be met as part of the definition of the extension. Applications processing a resource are required to check for modifier extensions.

Modifier extensions SHALL NOT change the meaning of any elements on Resource or DomainResource (including cannot change the meaning of modifierExtension itself).","There can be no stigma associated with the use of extensions by any application, project, or standard - regardless of the institution or jurisdiction that uses or defines the extensions.  The use of extensions is what allows the FHIR specification to retain a core level of simplicity for everyone.","Modifier extensions allow for extensions that *cannot* be safely ignored to be clearly distinguished from the vast majority of extensions which can be safely ignored.  This promotes interoperability by eliminating the need for implementers to prohibit the presence of extensions. For further information, see the [definition of modifier extensions](http://hl7.org/fhir/R5/extensibility.html#modifierExtension).","","","","","","","",,,,,"",,,,"BackboneElement.modifierExtension",0,*,"","ele-1:All FHIR elements must have a @value or children {hasValue() or (children().count() > id.count())}
ext-1:Must have either extensions or value[x], not both {extension.exists() != value.exists()}","N/A"
"DocumentReference.attester.mode","DocumentReference.attester.mode","","","",1,1,"","","","CodeableConcept {[]} {[]}
","personal | professional | legal | official","The type of attestation the authenticator offers.","","Indicates the level of authority of the attestation.","","","","","","","",,"preferred","The way in which a person authenticated a document.","http://hl7.org/fhir/ValueSet/composition-attestation-mode","",,,,"DocumentReference.attester.mode",1,1,"","ele-1:All FHIR elements must have a @value or children {hasValue() or (children().count() > id.count())}
","Composition.attester.mode","unique(./modeCode)","implied by .authenticator/.legalAuthenticator"
"DocumentReference.attester.time","DocumentReference.attester.time","","","",0,1,"","","","dateTime {[]} {[]}
","When the document was attested","When the document was attested by the party.","","Identifies when the information in the document was deemed accurate.  (Things may have changed since then.).","","","","","","","",,,,,"",,,,"DocumentReference.attester.time",0,1,"","ele-1:All FHIR elements must have a @value or children {hasValue() or (children().count() > id.count())}
","Composition.attester.time","./time[type=""TS"" and isNormalDatatype()]",".authenticator.time"
"DocumentReference.attester.party","DocumentReference.attester.party","","","",0,1,"","","","Reference {[]} {[CanonicalType[http://hl7.org/fhir/StructureDefinition/Patient], CanonicalType[http://hl7.org/fhir/StructureDefinition/RelatedPerson], CanonicalType[http://hl7.org/fhir/StructureDefinition/Practitioner], CanonicalType[http://hl7.org/fhir/StructureDefinition/PractitionerRole], CanonicalType[http://hl7.org/fhir/StructureDefinition/Organization]]}
","Who attested the document","Who attested the document in the specified way.","","Identifies who has taken on the responsibility for accuracy of the document content.","","","","","","","",,,,,"",,,,"DocumentReference.attester.party",0,1,"","ele-1:All FHIR elements must have a @value or children {hasValue() or (children().count() > id.count())}
","FiveWs.witness","Composition.attester.party","./role[classCode=""ASSIGNED"" and isNormalRole]/player[determinerCode=""INST"" and classCode=(""DEV"", ""PSN"") and isNormalEntity()] or ./role[classCode=""ASSIGNED"" and isNormalRole and not(player)]/scoper[determinerCode=""INST"" and classCode=""ORG"" and isNormalEntity()]",".authenticator.assignedEnttty","TXA-10"
"DocumentReference.custodian","DocumentReference.custodian","","","",0,1,"","","","Reference {[]} {[CanonicalType[http://hl7.eu/fhir/base-r5/StructureDefinition/organization-eu]]}
","Organization that manages the Imaging Report","Identifies the organization or group who is responsible for ongoing maintenance of and access to the document.","Identifies the logical organization (software system, vendor, or department) to go to find the current version, where to report issues, etc. This is different from the physical location (URL, disk drive, or server) of the document, which is the technical location of the document, which host may be delegated to the management of some other organization.","","","","","","","","",,,,,"",,,,"DocumentReference.custodian",0,1,"","ele-1:All FHIR elements must have a @value or children {hasValue() or (children().count() > id.count())}
","Event.performer.actor","Composition.custodian",".participation[typeCode=""RCV""].role[classCode=""CUST""].scoper[classCode=""ORG"" and determinerCode=""INST""]"
"DocumentReference.relatesTo","DocumentReference.relatesTo","","","",0,*,"","","Y","BackboneElement {[]} {[]}
","Relationships to other documents","Relationships that this document has with other document references that already exist.","This element is labeled as a modifier because documents that append to other documents are incomplete on their own.","","","","","","","","",,,,,"",,,,"DocumentReference.relatesTo",0,*,"","ele-1:All FHIR elements must have a @value or children {hasValue() or (children().count() > id.count())}
","Composition.relatesTo",".outboundRelationship","DocumentEntry Associations"
"DocumentReference.relatesTo.id","DocumentReference.relatesTo.id","","","",0,1,"","","","string {[]} {[]}
","Unique id for inter-element referencing","Unique id for the element within a resource (for internal references). This may be any string value that does not contain spaces.","","","","","","","","","",,,,,"",,,,"Element.id",0,1,"ele-1
","","n/a"
"DocumentReference.relatesTo.extension","DocumentReference.relatesTo.extension","","extensions
user content","",0,*,"","","","Extension {[]} {[]}
","Additional content defined by implementations","May be used to represent additional information that is not part of the basic definition of the element. To make the use of extensions safe and managable, there is a strict set of governance applied to the definition and use of extensions. Though any implementer can define an extension, there is a set of requirements that SHALL be met as part of the definition of the extension.","There can be no stigma associated with the use of extensions by any application, project, or standard - regardless of the institution or jurisdiction that uses or defines the extensions.  The use of extensions is what allows the FHIR specification to retain a core level of simplicity for everyone.","","","","","","","","",,,,,"",,,,"Element.extension",0,*,"","ele-1:All FHIR elements must have a @value or children {hasValue() or (children().count() > id.count())}
ext-1:Must have either extensions or value[x], not both {extension.exists() != value.exists()}","n/a"
"DocumentReference.relatesTo.modifierExtension","DocumentReference.relatesTo.modifierExtension","","extensions
user contentmodifiers","",0,*,"","Y","Y","Extension {[]} {[]}
","Extensions that cannot be ignored even if unrecognized","May be used to represent additional information that is not part of the basic definition of the element and that modifies the understanding of the element in which it is contained and/or the understanding of the containing element's descendants. Usually modifier elements provide negation or qualification. To make the use of extensions safe and managable, there is a strict set of governance applied to the definition and use of extensions. Though any implementer can define an extension, there is a set of requirements that SHALL be met as part of the definition of the extension. Applications processing a resource are required to check for modifier extensions.

Modifier extensions SHALL NOT change the meaning of any elements on Resource or DomainResource (including cannot change the meaning of modifierExtension itself).","There can be no stigma associated with the use of extensions by any application, project, or standard - regardless of the institution or jurisdiction that uses or defines the extensions.  The use of extensions is what allows the FHIR specification to retain a core level of simplicity for everyone.","Modifier extensions allow for extensions that *cannot* be safely ignored to be clearly distinguished from the vast majority of extensions which can be safely ignored.  This promotes interoperability by eliminating the need for implementers to prohibit the presence of extensions. For further information, see the [definition of modifier extensions](http://hl7.org/fhir/R5/extensibility.html#modifierExtension).","","","","","","","",,,,,"",,,,"BackboneElement.modifierExtension",0,*,"","ele-1:All FHIR elements must have a @value or children {hasValue() or (children().count() > id.count())}
ext-1:Must have either extensions or value[x], not both {extension.exists() != value.exists()}","N/A"
"DocumentReference.relatesTo.code","DocumentReference.relatesTo.code","","","",1,1,"","","Y","CodeableConcept {[]} {[]}
","The relationship type with another document","The type of relationship that this document has with anther document.","If this document appends another document, then the document cannot be fully understood without also accessing the referenced document.","","","","","","","","",,"extensible","The type of relationship between the documents.","http://hl7.org/fhir/ValueSet/document-relationship-type","",,,,"DocumentReference.relatesTo.code",1,1,"","ele-1:All FHIR elements must have a @value or children {hasValue() or (children().count() > id.count())}
","Composition.relatesTo.type",".outboundRelationship.typeCode","DocumentEntry Associations type","ClinicalDocument/relatedDocument/typeCode"
"DocumentReference.relatesTo.target","DocumentReference.relatesTo.target","","","",1,1,"","","Y","Reference {[]} {[CanonicalType[http://hl7.org/fhir/StructureDefinition/DocumentReference]]}
","Target of the relationship","The target document of this relationship.","","","","","","","","","",,,,,"",,,,"DocumentReference.relatesTo.target",1,1,"","ele-1:All FHIR elements must have a @value or children {hasValue() or (children().count() > id.count())}
","Composition.relatesTo.resourceReference",".target[classCode=""DOC"", moodCode=""EVN""].id","DocumentEntry Associations reference","ClinicalDocument/relatedDocument/parentDocument"
"DocumentReference.description","DocumentReference.description","","","",0,1,"","","Y","markdown {[]} {[]}
","Human-readable description","Human-readable description of the source document.","What the document is about,  a terse summary of the document.","Helps humans to assess whether the document is of interest.","","","","","","","",,,,,"",,,,"DocumentReference.description",0,1,"","ele-1:All FHIR elements must have a @value or children {hasValue() or (children().count() > id.count())}
",".outboundRelationship[typeCode=""SUBJ""].target.text","DocumentEntry.comments","TXA-25"
"DocumentReference.securityLabel","DocumentReference.securityLabel","","","",0,*,"","","Y","CodeableConcept {[]} {[]}
","Document security-tags","A set of Security-Tag codes specifying the level of privacy/security of the Document found at DocumentReference.content.attachment.url. Note that DocumentReference.meta.security contains the security labels of the data elements in DocumentReference, while DocumentReference.securityLabel contains the security labels for the document the reference refers to. The distinction recognizes that the document may contain sensitive information, while the DocumentReference is metadata about the document and thus might not be as sensitive as the document. For example: a psychotherapy episode may contain highly sensitive information, while the metadata may simply indicate that some episode happened.","The confidentiality codes can carry multiple vocabulary items. HL7 has developed an understanding of security and privacy tags that might be desirable in a Document Sharing environment, called HL7 Healthcare Privacy and Security Classification System (HCS). The following specification is recommended but not mandated, as the vocabulary bindings are an administrative domain responsibility. The use of this method is up to the policy domain such as the XDS Affinity Domain or other Trust Domain where all parties including sender and recipients are trusted to appropriately tag and enforce.   

In the HL7 Healthcare Privacy and Security Classification (HCS) there are code systems specific to Confidentiality, Sensitivity, Integrity, and Handling Caveats. Some values would come from a local vocabulary as they are related to workflow roles and special projects.","Use of the Health Care Privacy/Security Classification (HCS) system of security-tag use is recommended.","","","","","","","",,"example","Example Security Labels from the Healthcare Privacy and Security Classification System.","http://hl7.org/fhir/ValueSet/security-label-examples","",,,,"DocumentReference.securityLabel",0,*,"","ele-1:All FHIR elements must have a @value or children {hasValue() or (children().count() > id.count())}
","Bundle.meta.security",".confidentialityCode","DocumentEntry.confidentialityCode","ClinicalDocument/confidentialityCode/@code","TXA-18"
"DocumentReference.content","DocumentReference.content","","","",1,1,"","","Y","BackboneElement {[]} {[]}
","Document referenced","The document and format referenced.  If there are multiple content element repetitions, these must all represent the same document in different format, or attachment metadata.","content element shall not contain different versions of the same content. For version handling use multiple DocumentReference with .relatesTo.","Note that .relatesTo may also include references to other DocumentReference with a transforms relationship to represent the same document in multiple formats.","","","","","","","",,,,,"",,,,"DocumentReference.content",1,*,"","ele-1:All FHIR elements must have a @value or children {hasValue() or (children().count() > id.count())}
","Bundle(Composition+*)","document.text"
"DocumentReference.content.id","DocumentReference.content.id","","","",0,1,"","","","string {[]} {[]}
","Unique id for inter-element referencing","Unique id for the element within a resource (for internal references). This may be any string value that does not contain spaces.","","","","","","","","","",,,,,"",,,,"Element.id",0,1,"ele-1
","","n/a"
"DocumentReference.content.extension","DocumentReference.content.extension","","extensions
user content","",0,*,"","","","Extension {[]} {[]}
","Additional content defined by implementations","May be used to represent additional information that is not part of the basic definition of the element. To make the use of extensions safe and managable, there is a strict set of governance applied to the definition and use of extensions. Though any implementer can define an extension, there is a set of requirements that SHALL be met as part of the definition of the extension.","There can be no stigma associated with the use of extensions by any application, project, or standard - regardless of the institution or jurisdiction that uses or defines the extensions.  The use of extensions is what allows the FHIR specification to retain a core level of simplicity for everyone.","","","","","","","","",,,,,"",,,,"Element.extension",0,*,"","ele-1:All FHIR elements must have a @value or children {hasValue() or (children().count() > id.count())}
ext-1:Must have either extensions or value[x], not both {extension.exists() != value.exists()}","n/a"
"DocumentReference.content.modifierExtension","DocumentReference.content.modifierExtension","","extensions
user contentmodifiers","",0,*,"","Y","Y","Extension {[]} {[]}
","Extensions that cannot be ignored even if unrecognized","May be used to represent additional information that is not part of the basic definition of the element and that modifies the understanding of the element in which it is contained and/or the understanding of the containing element's descendants. Usually modifier elements provide negation or qualification. To make the use of extensions safe and managable, there is a strict set of governance applied to the definition and use of extensions. Though any implementer can define an extension, there is a set of requirements that SHALL be met as part of the definition of the extension. Applications processing a resource are required to check for modifier extensions.

Modifier extensions SHALL NOT change the meaning of any elements on Resource or DomainResource (including cannot change the meaning of modifierExtension itself).","There can be no stigma associated with the use of extensions by any application, project, or standard - regardless of the institution or jurisdiction that uses or defines the extensions.  The use of extensions is what allows the FHIR specification to retain a core level of simplicity for everyone.","Modifier extensions allow for extensions that *cannot* be safely ignored to be clearly distinguished from the vast majority of extensions which can be safely ignored.  This promotes interoperability by eliminating the need for implementers to prohibit the presence of extensions. For further information, see the [definition of modifier extensions](http://hl7.org/fhir/R5/extensibility.html#modifierExtension).","","","","","","","",,,,,"",,,,"BackboneElement.modifierExtension",0,*,"","ele-1:All FHIR elements must have a @value or children {hasValue() or (children().count() > id.count())}
ext-1:Must have either extensions or value[x], not both {extension.exists() != value.exists()}","N/A"
"DocumentReference.content.attachment","DocumentReference.content.attachment","","","",1,1,"","","Y","Attachment {[]} {[]}
","Where to access the document","The document or URL of the document along with critical metadata to prove content has integrity.","","","","","","","","","",,,,,"",,,,"DocumentReference.content.attachment",1,1,"","ele-1:All FHIR elements must have a @value or children {hasValue() or (children().count() > id.count())}
","Composition.language, 
Composition.title, 
Composition.date","document.text","DocumentEntry.mimeType, DocumentEntry.languageCode, DocumentEntry.URI, DocumentEntry.size, DocumentEntry.hash, DocumentEntry.title, DocumentEntry.creationTime","ClinicalDocument/languageCode, ClinicalDocument/title, ClinicalDocument/date","TXA-3 for mime type"
"DocumentReference.content.attachment.id","DocumentReference.content.attachment.id","","","",0,1,"","","","id {[]} {[]}
","Unique id for inter-element referencing","Unique id for the element within a resource (for internal references). This may be any string value that does not contain spaces.","","","","","","","","","",,,,,"",,,,"Element.id",0,1,"ele-1
","","n/a"
"DocumentReference.content.attachment.extension","DocumentReference.content.attachment.extension","","extensions
user content","",0,*,"","","","Extension {[]} {[]}
","Additional content defined by implementations","May be used to represent additional information that is not part of the basic definition of the element. To make the use of extensions safe and managable, there is a strict set of governance applied to the definition and use of extensions. Though any implementer can define an extension, there is a set of requirements that SHALL be met as part of the definition of the extension.","There can be no stigma associated with the use of extensions by any application, project, or standard - regardless of the institution or jurisdiction that uses or defines the extensions.  The use of extensions is what allows the FHIR specification to retain a core level of simplicity for everyone.","","","","","","","","",,,,,"","value:url}
","Extensions are always sliced by (at least) url",,"open","Element.extension",0,*,"","ele-1:All FHIR elements must have a @value or children {hasValue() or (children().count() > id.count())}
ext-1:Must have either extensions or value[x], not both {extension.exists() != value.exists()}","n/a"
"DocumentReference.content.attachment.contentType","DocumentReference.content.attachment.contentType","","","",1,1,"","","Y","code {[]} {[]}
","Mime type of the content, with charset etc.","Identifies the type of the data in the attachment and allows a method to be chosen to interpret or render the data. Includes mime type parameters such as charset where appropriate.","","Processors of the data need to be able to know how to interpret the data.","","","","","<valueCode xmlns=""http://hl7.org/fhir"" value=""text/plain; charset=UTF-8, image/png""/>","","",,"required","BCP 13 (RFCs 2045, 2046, 2047, 4288, 4289 and 2049)","http://hl7.org/fhir/ValueSet/mimetypes|5.0.0","",,,,"Attachment.contentType",0,1,"att-1
","ele-1:All FHIR elements must have a @value or children {hasValue() or (children().count() > id.count())}
","./mediaType, ./charset","ED.2+ED.3/RP.2+RP.3. Note conversion may be needed if old style values are being used"
"DocumentReference.content.attachment.language","DocumentReference.content.attachment.language","","","",0,1,"","","Y","code {[]} {[]}
","Human language of the content (BCP-47)","The human language of the content. The value can be any valid value according to BCP 47.","","Users need to be able to choose between the languages in a set of attachments.","","","","","<valueCode xmlns=""http://hl7.org/fhir"" value=""en-AU""/>","","",,"required","IETF language tag for a human language.","http://hl7.org/fhir/ValueSet/all-languages|5.0.0","",,,,"Attachment.language",0,1,"","ele-1:All FHIR elements must have a @value or children {hasValue() or (children().count() > id.count())}
","./language"
"DocumentReference.content.attachment.data","DocumentReference.content.attachment.data","","","",0,1,"","","","base64Binary {[]} {[]}
","Data inline, base64ed","The actual data of the attachment - a sequence of bytes, base64 encoded.","The base64-encoded data SHALL be expressed in the same character set as the base resource XML or JSON.","The data needs to able to be transmitted inline.","","","","","","","",,,,,"",,,,"Attachment.data",0,1,"att-1
","ele-1:All FHIR elements must have a @value or children {hasValue() or (children().count() > id.count())}
","./data","ED.5"
"DocumentReference.content.attachment.url","DocumentReference.content.attachment.url","","","",0,1,"","","Y","url {[]} {[]}
","Uri where the data can be found","A location where the data can be accessed.","If both data and url are provided, the url SHALL point to the same content as the data contains. Urls may be relative references or may reference transient locations such as a wrapping envelope using cid: though this has ramifications for using signatures. Relative URLs are interpreted relative to the service url, like a resource reference, rather than relative to the resource itself. If a URL is provided, it SHALL resolve to actual data.","The data needs to be transmitted by reference.","","","","","<valueUrl xmlns=""http://hl7.org/fhir"" value=""http://www.acme.com/logo-small.png""/>","","",,,,,"",,,,"Attachment.url",0,1,"","ele-1:All FHIR elements must have a @value or children {hasValue() or (children().count() > id.count())}
","./reference/literal","RP.1+RP.2 - if they refer to a URL (see v2.6)"
"DocumentReference.content.attachment.size","DocumentReference.content.attachment.size","","","",0,1,"","","Y","integer64 {[]} {[]}
","Number of bytes of content (if url provided)","The number of bytes of data that make up this attachment (before base64 encoding, if that is done).","The number of bytes is redundant if the data is provided as a base64binary, but is useful if the data is provided as a url reference.","Representing the size allows applications to determine whether they should fetch the content automatically in advance, or refuse to fetch it at all.","","","","","","","",,,,,"",,,,"Attachment.size",0,1,"","ele-1:All FHIR elements must have a @value or children {hasValue() or (children().count() > id.count())}
","N/A (needs data type R3 proposal)"
"DocumentReference.content.attachment.hash","DocumentReference.content.attachment.hash","","","",0,1,"","","Y","base64Binary {[]} {[]}
","Hash of the data (sha-1, base64ed)","The calculated hash of the data using SHA-1. Represented using base64.","The hash is calculated on the data prior to base64 encoding, if the data is based64 encoded. The hash is not intended to support digital signatures. Where protection against malicious threats a digital signature should be considered, see [Provenance.signature](http://hl7.org/fhir/R5/provenance-definitions.html#Provenance.signature) for mechanism to protect a resource with a digital signature.","Included so that applications can verify that the contents of a location have not changed due to technical failures (e.g., storage rot, transport glitch, incorrect version).","","","","","","","",,,,,"",,,,"Attachment.hash",0,1,"","ele-1:All FHIR elements must have a @value or children {hasValue() or (children().count() > id.count())}
",".integrityCheck[parent::ED/integrityCheckAlgorithm=""SHA-1""]"
"DocumentReference.content.attachment.title","DocumentReference.content.attachment.title","","","",0,1,"","","Y","string {[]} {[]}
","Label to display in place of the data","A label or set of text to display in place of the data.","May sometimes be derived from the source filename.","Applications need a label to display to a human user in place of the actual data if the data cannot be rendered or perceived by the viewer.","","","","","<valueString xmlns=""http://hl7.org/fhir"" value=""Official Corporate Logo""/>","","",,,,,"",,,,"Attachment.title",0,1,"","ele-1:All FHIR elements must have a @value or children {hasValue() or (children().count() > id.count())}
","./title/data"
"DocumentReference.content.attachment.creation","DocumentReference.content.attachment.creation","","","",0,1,"","","Y","dateTime {[]} {[]}
","Date attachment was first created","The date that the attachment was first created.","","This is often tracked as an integrity issue for use of the attachment.","","","","","","","",,,,,"",,,,"Attachment.creation",0,1,"","ele-1:All FHIR elements must have a @value or children {hasValue() or (children().count() > id.count())}
","N/A (needs data type R3 proposal)"
"DocumentReference.content.attachment.height","DocumentReference.content.attachment.height","","","",0,1,"","","","positiveInt {[]} {[]}
","Height of the image in pixels (photo/video)","Height of the image in pixels (photo/video).","","","","","","","","","",,,,,"",,,,"Attachment.height",0,1,"","ele-1:All FHIR elements must have a @value or children {hasValue() or (children().count() > id.count())}
",".outboundRelationship[typeCode=""COMP].target[classCode=""OBS"", moodCode=""EVN"",code=""<CODE>""].value"
"DocumentReference.content.attachment.width","DocumentReference.content.attachment.width","","","",0,1,"","","","positiveInt {[]} {[]}
","Width of the image in pixels (photo/video)","Width of the image in pixels (photo/video).","","","","","","","","","",,,,,"",,,,"Attachment.width",0,1,"","ele-1:All FHIR elements must have a @value or children {hasValue() or (children().count() > id.count())}
",".outboundRelationship[typeCode=""COMP].target[classCode=""OBS"", moodCode=""EVN"",code=""<CODE>""].value"
"DocumentReference.content.attachment.frames","DocumentReference.content.attachment.frames","","","",0,1,"","","","positiveInt {[]} {[]}
","Number of frames if > 1 (photo)","The number of frames in a photo. This is used with a multi-page fax, or an imaging acquisition context that takes multiple slices in a single image, or an animated gif. If there is more than one frame, this SHALL have a value in order to alert interface software that a multi-frame capable rendering widget is required.","if the number of frames is not supplied, the value may be unknown. Applications should not assume that there is only one frame unless it is explicitly stated.","","","","","","","","",,,,,"",,,,"Attachment.frames",0,1,"","ele-1:All FHIR elements must have a @value or children {hasValue() or (children().count() > id.count())}
",".outboundRelationship[typeCode=""COMP].target[classCode=""OBS"", moodCode=""EVN"",code=""<CODE>""].value"
"DocumentReference.content.attachment.duration","DocumentReference.content.attachment.duration","","","",0,1,"","","","decimal {[]} {[]}
","Length in seconds (audio / video)","The duration of the recording in seconds - for audio and video.","The duration might differ from occurrencePeriod if recording was paused.","","","","","","","","",,,,,"",,,,"Attachment.duration",0,1,"","ele-1:All FHIR elements must have a @value or children {hasValue() or (children().count() > id.count())}
",".outboundRelationship[typeCode=""COMP].target[classCode=""OBS"", moodCode=""EVN"",code=""<CODE>""].value"
"DocumentReference.content.attachment.pages","DocumentReference.content.attachment.pages","","","",0,1,"","","","positiveInt {[]} {[]}
","Number of printed pages","The number of pages when printed.","","","","","","","","","",,,,,"",,,,"Attachment.pages",0,1,"","ele-1:All FHIR elements must have a @value or children {hasValue() or (children().count() > id.count())}
"
"DocumentReference.content.profile","DocumentReference.content.profile","","format
formatCode","",1,*,"","","Y","BackboneElement {[]} {[]}
","Content profile rules for the document","An identifier of the document constraints, encoding, structure, and template that the document conforms to beyond the base format indicated in the mimeType.","Note that IHE often issues URNs for formatCode codes, not all documents can be identified by a URI.

For FHIR content, .profile should indicate the structureDefinition profile canonical URI(s) that the content complies with.","","","","","","","","",,,,,"","value:value}
","",,"open","DocumentReference.content.profile",0,*,"","ele-1:All FHIR elements must have a @value or children {hasValue() or (children().count() > id.count())}
","Composition.meta.profile","document.text","DocumentEntry.formatCode","derived from the IHE Profile or Implementation Guide templateID"
"DocumentReference.content.profile.id","DocumentReference.content.profile.id","","","",0,1,"","","","string {[]} {[]}
","Unique id for inter-element referencing","Unique id for the element within a resource (for internal references). This may be any string value that does not contain spaces.","","","","","","","","","",,,,,"",,,,"Element.id",0,1,"ele-1
","","n/a"
"DocumentReference.content.profile.extension","DocumentReference.content.profile.extension","","extensions
user content","",0,*,"","","","Extension {[]} {[]}
","Additional content defined by implementations","May be used to represent additional information that is not part of the basic definition of the element. To make the use of extensions safe and managable, there is a strict set of governance applied to the definition and use of extensions. Though any implementer can define an extension, there is a set of requirements that SHALL be met as part of the definition of the extension.","There can be no stigma associated with the use of extensions by any application, project, or standard - regardless of the institution or jurisdiction that uses or defines the extensions.  The use of extensions is what allows the FHIR specification to retain a core level of simplicity for everyone.","","","","","","","","",,,,,"",,,,"Element.extension",0,*,"","ele-1:All FHIR elements must have a @value or children {hasValue() or (children().count() > id.count())}
ext-1:Must have either extensions or value[x], not both {extension.exists() != value.exists()}","n/a"
"DocumentReference.content.profile.modifierExtension","DocumentReference.content.profile.modifierExtension","","extensions
user contentmodifiers","",0,*,"","Y","Y","Extension {[]} {[]}
","Extensions that cannot be ignored even if unrecognized","May be used to represent additional information that is not part of the basic definition of the element and that modifies the understanding of the element in which it is contained and/or the understanding of the containing element's descendants. Usually modifier elements provide negation or qualification. To make the use of extensions safe and managable, there is a strict set of governance applied to the definition and use of extensions. Though any implementer can define an extension, there is a set of requirements that SHALL be met as part of the definition of the extension. Applications processing a resource are required to check for modifier extensions.

Modifier extensions SHALL NOT change the meaning of any elements on Resource or DomainResource (including cannot change the meaning of modifierExtension itself).","There can be no stigma associated with the use of extensions by any application, project, or standard - regardless of the institution or jurisdiction that uses or defines the extensions.  The use of extensions is what allows the FHIR specification to retain a core level of simplicity for everyone.","Modifier extensions allow for extensions that *cannot* be safely ignored to be clearly distinguished from the vast majority of extensions which can be safely ignored.  This promotes interoperability by eliminating the need for implementers to prohibit the presence of extensions. For further information, see the [definition of modifier extensions](http://hl7.org/fhir/R5/extensibility.html#modifierExtension).","","","","","","","",,,,,"",,,,"BackboneElement.modifierExtension",0,*,"","ele-1:All FHIR elements must have a @value or children {hasValue() or (children().count() > id.count())}
ext-1:Must have either extensions or value[x], not both {extension.exists() != value.exists()}","N/A"
"DocumentReference.content.profile.value[x]","DocumentReference.content.profile.value[x]","","","",1,1,"","","Y","Coding {[]} {[]}
uri {[]} {[]}canonical {[]} {[]}","Code|uri|canonical","Code|uri|canonical.","","","","","","","","","",,"preferred","Document Format Codes.","http://terminology.hl7.org/ValueSet/v3-HL7FormatCodes","",,,,"DocumentReference.content.profile.value[x]",1,1,"","ele-1:All FHIR elements must have a @value or children {hasValue() or (children().count() > id.count())}
","Composition.meta.profile","document.text","DocumentEntry.formatCode","derived from the IHE Profile or Implementation Guide templateID"
"DocumentReference.content.profile:hl7eu-imaging-report","DocumentReference.content.profile","hl7eu-imaging-report","format
formatCode","",1,1,"","","Y","BackboneElement {[]} {[]}
","Content profile rules for the document","An identifier of the document constraints, encoding, structure, and template that the document conforms to beyond the base format indicated in the mimeType.","Note that IHE often issues URNs for formatCode codes, not all documents can be identified by a URI.

For FHIR content, .profile should indicate the structureDefinition profile canonical URI(s) that the content complies with.","","","","","","","","",,,,,"",,,,"DocumentReference.content.profile",0,*,"","ele-1:All FHIR elements must have a @value or children {hasValue() or (children().count() > id.count())}
","Composition.meta.profile","document.text","DocumentEntry.formatCode","derived from the IHE Profile or Implementation Guide templateID"
"DocumentReference.content.profile:hl7eu-imaging-report.id","DocumentReference.content.profile.id","","","",0,1,"","","","string {[]} {[]}
","Unique id for inter-element referencing","Unique id for the element within a resource (for internal references). This may be any string value that does not contain spaces.","","","","","","","","","",,,,,"",,,,"Element.id",0,1,"ele-1
","","n/a"
"DocumentReference.content.profile:hl7eu-imaging-report.extension","DocumentReference.content.profile.extension","","extensions
user content","",0,*,"","","","Extension {[]} {[]}
","Additional content defined by implementations","May be used to represent additional information that is not part of the basic definition of the element. To make the use of extensions safe and managable, there is a strict set of governance applied to the definition and use of extensions. Though any implementer can define an extension, there is a set of requirements that SHALL be met as part of the definition of the extension.","There can be no stigma associated with the use of extensions by any application, project, or standard - regardless of the institution or jurisdiction that uses or defines the extensions.  The use of extensions is what allows the FHIR specification to retain a core level of simplicity for everyone.","","","","","","","","",,,,,"",,,,"Element.extension",0,*,"","ele-1:All FHIR elements must have a @value or children {hasValue() or (children().count() > id.count())}
ext-1:Must have either extensions or value[x], not both {extension.exists() != value.exists()}","n/a"
"DocumentReference.content.profile:hl7eu-imaging-report.modifierExtension","DocumentReference.content.profile.modifierExtension","","extensions
user contentmodifiers","",0,*,"","Y","Y","Extension {[]} {[]}
","Extensions that cannot be ignored even if unrecognized","May be used to represent additional information that is not part of the basic definition of the element and that modifies the understanding of the element in which it is contained and/or the understanding of the containing element's descendants. Usually modifier elements provide negation or qualification. To make the use of extensions safe and managable, there is a strict set of governance applied to the definition and use of extensions. Though any implementer can define an extension, there is a set of requirements that SHALL be met as part of the definition of the extension. Applications processing a resource are required to check for modifier extensions.

Modifier extensions SHALL NOT change the meaning of any elements on Resource or DomainResource (including cannot change the meaning of modifierExtension itself).","There can be no stigma associated with the use of extensions by any application, project, or standard - regardless of the institution or jurisdiction that uses or defines the extensions.  The use of extensions is what allows the FHIR specification to retain a core level of simplicity for everyone.","Modifier extensions allow for extensions that *cannot* be safely ignored to be clearly distinguished from the vast majority of extensions which can be safely ignored.  This promotes interoperability by eliminating the need for implementers to prohibit the presence of extensions. For further information, see the [definition of modifier extensions](http://hl7.org/fhir/R5/extensibility.html#modifierExtension).","","","","","","","",,,,,"",,,,"BackboneElement.modifierExtension",0,*,"","ele-1:All FHIR elements must have a @value or children {hasValue() or (children().count() > id.count())}
ext-1:Must have either extensions or value[x], not both {extension.exists() != value.exists()}","N/A"
"DocumentReference.content.profile:hl7eu-imaging-report.value[x]","DocumentReference.content.profile.value[x]","","","",1,1,"","","Y","Coding {[]} {[]}
uri {[]} {[]}canonical {[]} {[]}","Code|uri|canonical","Code|uri|canonical.","","","","","","","","","",,"preferred","Document Format Codes.","http://terminology.hl7.org/ValueSet/v3-HL7FormatCodes","","type:$this}
","",,"open","DocumentReference.content.profile.value[x]",1,1,"","ele-1:All FHIR elements must have a @value or children {hasValue() or (children().count() > id.count())}
","Composition.meta.profile","document.text","DocumentEntry.formatCode","derived from the IHE Profile or Implementation Guide templateID"
"DocumentReference.content.profile:hl7eu-imaging-report.value[x]:valueCanonical","DocumentReference.content.profile.value[x]","valueCanonical","","",0,1,"","","Y","canonical {[]} {[]}
","Code|uri|canonical","Code|uri|canonical.","","","","","","<valueCanonical xmlns=""http://hl7.org/fhir"" value=""http://hl7.eu/fhir/imaging-r5/StructureDefinition/ImReport""/>","","","",,,,,"",,,,"DocumentReference.content.profile.value[x]",1,1,"","ele-1:All FHIR elements must have a @value or children {hasValue() or (children().count() > id.count())}
","Composition.meta.profile","document.text","DocumentEntry.formatCode","derived from the IHE Profile or Implementation Guide templateID"
