"Id","Path","Slice Name","Alias(s)","Label","Min","Max","Must Support?","Is Modifier?","Is Summary?","Type(s)","Short","Definition","Comments","Requirements","Default Value","Meaning When Missing","Fixed Value","Pattern","Example","Minimum Value","Maximum Value","Maximum Length","Binding Strength","Binding Description","Binding Value Set","Code","Slicing Discriminator","Slicing Description","Slicing Ordered","Slicing Rules","Base Path","Base Min","Base Max","Condition(s)","Constraint(s)","Mapping: FiveWs Pattern Mapping","Mapping: RIM Mapping"
"Endpoint","Endpoint","","","",0,*,"","","","null {[]} {[]}
","The technical details of an endpoint that can be used for electronic services","The technical details of an endpoint that can be used for electronic services, such as for web services providing XDS.b, a REST endpoint for another FHIR server, or a s/Mime email address. This may include any security context information.","","","","","","","","","",,,,,"",,,,"Endpoint",0,*,"","dom-2:If the resource is contained in another resource, it SHALL NOT contain nested Resources {contained.contained.empty()}
dom-3:If the resource is contained in another resource, it SHALL be referred to from elsewhere in the resource or SHALL refer to the containing resource {contained.where((('#'+id in (%resource.descendants().reference | %resource.descendants().ofType(canonical) | %resource.descendants().ofType(uri) | %resource.descendants().ofType(url))) or descendants().where(reference = '#').exists() or descendants().where(ofType(canonical) = '#').exists() or descendants().where(ofType(canonical) = '#').exists()).not()).trace('unmatched', id).empty()}dom-4:If a resource is contained in another resource, it SHALL NOT have a meta.versionId or a meta.lastUpdated {contained.meta.versionId.empty() and contained.meta.lastUpdated.empty()}dom-5:If a resource is contained in another resource, it SHALL NOT have a security label {contained.meta.security.empty()}dom-6:A resource should have narrative for robust management {text.`div`.exists()}","infrastructure.exchange","Entity, Role, or Act,n/a"
"Endpoint.id","Endpoint.id","","","",0,1,"","","Y","id {[]} {[]}
","Logical id of this artifact","The logical id of the resource, as used in the URL for the resource. Once assigned, this value never changes.","Within the context of the FHIR RESTful interactions, the resource has an id except for cases like the create and conditional update. Otherwise, the use of the resouce id depends on the given use case.","","","","","","","","",,,,,"",,,,"Resource.id",0,1,"",""
"Endpoint.meta","Endpoint.meta","","","",0,1,"","","Y","Meta {[]} {[]}
","Metadata about the resource","The metadata about the resource. This is content that is maintained by the infrastructure. Changes to the content might not always be associated with version changes to the resource.","","","","","","","","","",,,,,"",,,,"Resource.meta",0,1,"","ele-1:All FHIR elements must have a @value or children {hasValue() or (children().count() > id.count())}
"
"Endpoint.implicitRules","Endpoint.implicitRules","","","",0,1,"","Y","Y","uri {[]} {[]}
","A set of rules under which this content was created","A reference to a set of rules that were followed when the resource was constructed, and which must be understood when processing the content. Often, this is a reference to an implementation guide that defines the special rules along with other profiles etc.","Asserting this rule set restricts the content to be only understood by a limited set of trading partners. This inherently limits the usefulness of the data in the long term. However, the existing health eco-system is highly fractured, and not yet ready to define, collect, and exchange data in a generally computable sense. Wherever possible, implementers and/or specification writers should avoid using this element. Often, when used, the URL is a reference to an implementation guide that defines these special rules as part of its narrative along with other profiles, value sets, etc.","","","","","","","","",,,,,"",,,,"Resource.implicitRules",0,1,"","ele-1:All FHIR elements must have a @value or children {hasValue() or (children().count() > id.count())}
"
"Endpoint.language","Endpoint.language","","","",0,1,"","","","code {[]} {[]}
","Language of the resource content","The base language in which the resource is written.","Language is provided to support indexing and accessibility (typically, services such as text to speech use the language tag). The html language tag in the narrative applies  to the narrative. The language tag on the resource may be used to specify the language of other presentations generated from the data in the resource. Not all the content has to be in the base language. The Resource.language should not be assumed to apply to the narrative automatically. If a language is specified, it should it also be specified on the div element in the html (see rules in HTML5 for information about the relationship between xml:lang and the html lang attribute).","","","","","","","","",,"required","IETF language tag for a human language","http://hl7.org/fhir/ValueSet/all-languages|5.0.0","",,,,"Resource.language",0,1,"","ele-1:All FHIR elements must have a @value or children {hasValue() or (children().count() > id.count())}
"
"Endpoint.text","Endpoint.text","","narrative
htmlxhtmldisplay","",0,1,"","","","Narrative {[]} {[]}
","Text summary of the resource, for human interpretation","A human-readable narrative that contains a summary of the resource and can be used to represent the content of the resource to a human. The narrative need not encode all the structured data, but is required to contain sufficient detail to make it ""clinically safe"" for a human to just read the narrative. Resource definitions may define what content should be represented in the narrative to ensure clinical safety.","Contained resources do not have a narrative. Resources that are not contained SHOULD have a narrative. In some cases, a resource may only have text with little or no additional discrete data (as long as all minOccurs=1 elements are satisfied).  This may be necessary for data from legacy systems where information is captured as a ""text blob"" or where text is additionally entered raw or narrated and encoded information is added later.","","","","","","","","",,,,,"",,,,"DomainResource.text",0,1,"dom-6
","ele-1:All FHIR elements must have a @value or children {hasValue() or (children().count() > id.count())}
","Act.text?"
"Endpoint.contained","Endpoint.contained","","inline resources
anonymous resourcescontained resources","",0,*,"","","","Resource {[]} {[]}
","Contained, inline Resources","These resources do not have an independent existence apart from the resource that contains them - they cannot be identified independently, nor can they have their own independent transaction scope. This is allowed to be a Parameters resource if and only if it is referenced by a resource that provides context/meaning.","This should never be done when the content can be identified properly, as once identification is lost, it is extremely difficult (and context dependent) to restore it again. Contained resources may have profiles and tags in their meta elements, but SHALL NOT have security labels.","","","","","","","","",,,,,"",,,,"DomainResource.contained",0,*,"dom-2
dom-4dom-3dom-5","","N/A"
"Endpoint.extension","Endpoint.extension","","extensions
user content","",0,*,"","","","Extension {[]} {[]}
","Additional content defined by implementations","May be used to represent additional information that is not part of the basic definition of the resource. To make the use of extensions safe and managable, there is a strict set of governance applied to the definition and use of extensions. Though any implementer can define an extension, there is a set of requirements that SHALL be met as part of the definition of the extension.","There can be no stigma associated with the use of extensions by any application, project, or standard - regardless of the institution or jurisdiction that uses or defines the extensions.  The use of extensions is what allows the FHIR specification to retain a core level of simplicity for everyone.","","","","","","","","",,,,,"",,,,"DomainResource.extension",0,*,"","ele-1:All FHIR elements must have a @value or children {hasValue() or (children().count() > id.count())}
ext-1:Must have either extensions or value[x], not both {extension.exists() != value.exists()}","N/A"
"Endpoint.modifierExtension","Endpoint.modifierExtension","","extensions
user content","",0,*,"","Y","Y","Extension {[]} {[]}
","Extensions that cannot be ignored","May be used to represent additional information that is not part of the basic definition of the resource and that modifies the understanding of the element that contains it and/or the understanding of the containing element's descendants. Usually modifier elements provide negation or qualification. To make the use of extensions safe and managable, there is a strict set of governance applied to the definition and use of extensions. Though any implementer is allowed to define an extension, there is a set of requirements that SHALL be met as part of the definition of the extension. Applications processing a resource are required to check for modifier extensions.

Modifier extensions SHALL NOT change the meaning of any elements on Resource or DomainResource (including cannot change the meaning of modifierExtension itself).","There can be no stigma associated with the use of extensions by any application, project, or standard - regardless of the institution or jurisdiction that uses or defines the extensions.  The use of extensions is what allows the FHIR specification to retain a core level of simplicity for everyone.","Modifier extensions allow for extensions that *cannot* be safely ignored to be clearly distinguished from the vast majority of extensions which can be safely ignored.  This promotes interoperability by eliminating the need for implementers to prohibit the presence of extensions. For further information, see the [definition of modifier extensions](http://hl7.org/fhir/R5/extensibility.html#modifierExtension).","","","","","","","",,,,,"",,,,"DomainResource.modifierExtension",0,*,"","ele-1:All FHIR elements must have a @value or children {hasValue() or (children().count() > id.count())}
ext-1:Must have either extensions or value[x], not both {extension.exists() != value.exists()}","N/A"
"Endpoint.identifier","Endpoint.identifier","","","",0,*,"","","Y","Identifier {[]} {[]}
","Identifies this endpoint across multiple systems","Identifier for the organization that is used to identify the endpoint across multiple disparate systems.","","","","","","","","","",,,,,"",,,,"Endpoint.identifier",0,*,"","ele-1:All FHIR elements must have a @value or children {hasValue() or (children().count() > id.count())}
","FiveWs.identifier","n/a"
"Endpoint.status","Endpoint.status","","","",1,1,"","Y","Y","code {[]} {[]}
","active | suspended | error | off | entered-in-error | test","The endpoint status represents the general expected availability of an endpoint.","This element is labeled as a modifier because the status contains codes that mark the endpoint as not currently valid. Temporary downtimes or other unexpected short-term changes in availability would not be represented in this property.","","","","","","","","",,"required","The status of the endpoint.","http://hl7.org/fhir/ValueSet/endpoint-status|5.0.0","",,,,"Endpoint.status",1,1,"","ele-1:All FHIR elements must have a @value or children {hasValue() or (children().count() > id.count())}
","FiveWs.status","n/a"
"Endpoint.connectionType","Endpoint.connectionType","","","",1,*,"","","Y","CodeableConcept {[]} {[]}
","Protocol/Profile/Standard to be used with this endpoint connection","A coded value that represents the technical details of the usage of this endpoint, such as what WSDLs should be used in what way. (e.g. XDS.b/DICOM/cds-hook).","For additional connectivity details for the protocol, extensions will be used at this point, as in the XDS example. If there are multiple payload types or mimetypes they are all applicable for all connection types, and all have the same status.","","","","","","","","",,"example","","http://hl7.org/fhir/ValueSet/endpoint-connection-type","","value:coding}
","",,"open","Endpoint.connectionType",1,*,"","ele-1:All FHIR elements must have a @value or children {hasValue() or (children().count() > id.count())}
","FiveWs.class","n/a"
"Endpoint.connectionType:wado","Endpoint.connectionType","wado","","",1,1,"","","Y","CodeableConcept {[]} {[]}
","Protocol/Profile/Standard to be used with this endpoint connection","A coded value that represents the technical details of the usage of this endpoint, such as what WSDLs should be used in what way. (e.g. XDS.b/DICOM/cds-hook).","For additional connectivity details for the protocol, extensions will be used at this point, as in the XDS example. If there are multiple payload types or mimetypes they are all applicable for all connection types, and all have the same status.","","","","","","","","",,"example","","http://hl7.org/fhir/ValueSet/endpoint-connection-type","",,,,"Endpoint.connectionType",1,*,"","ele-1:All FHIR elements must have a @value or children {hasValue() or (children().count() > id.count())}
","FiveWs.class","n/a"
"Endpoint.connectionType:wado.id","Endpoint.connectionType.id","","","",0,1,"","","","id {[]} {[]}
","Unique id for inter-element referencing","Unique id for the element within a resource (for internal references). This may be any string value that does not contain spaces.","","","","","","","","","",,,,,"",,,,"Element.id",0,1,"ele-1
","","n/a"
"Endpoint.connectionType:wado.extension","Endpoint.connectionType.extension","","extensions
user content","",0,*,"","","","Extension {[]} {[]}
","Additional content defined by implementations","May be used to represent additional information that is not part of the basic definition of the element. To make the use of extensions safe and managable, there is a strict set of governance applied to the definition and use of extensions. Though any implementer can define an extension, there is a set of requirements that SHALL be met as part of the definition of the extension.","There can be no stigma associated with the use of extensions by any application, project, or standard - regardless of the institution or jurisdiction that uses or defines the extensions.  The use of extensions is what allows the FHIR specification to retain a core level of simplicity for everyone.","","","","","","","","",,,,,"","value:url}
","Extensions are always sliced by (at least) url",,"open","Element.extension",0,*,"","ele-1:All FHIR elements must have a @value or children {hasValue() or (children().count() > id.count())}
ext-1:Must have either extensions or value[x], not both {extension.exists() != value.exists()}","n/a"
"Endpoint.connectionType:wado.coding","Endpoint.connectionType.coding","","","",1,*,"","","Y","Coding {[]} {[]}
","Code defined by a terminology system","A reference to a code defined by a terminology system.","Codes may be defined very casually in enumerations, or code lists, up to very formal definitions such as SNOMED CT - see the HL7 v3 Core Principles for more information.  Ordering of codings is undefined and SHALL NOT be used to infer meaning. Generally, at most only one of the coding values will be labeled as UserSelected = true.","Allows for alternative encodings within a code system, and translations to other code systems.","","","","<valueCoding xmlns=""http://hl7.org/fhir"">
  <system value=""http://terminology.hl7.org/CodeSystem/endpoint-connection-type""/>
  <code value=""dicom-wado-rs""/>
  <display value=""DICOM WADO-RS""/>
</valueCoding>","","","",,,,,"",,,,"CodeableConcept.coding",0,*,"","ele-1:All FHIR elements must have a @value or children {hasValue() or (children().count() > id.count())}
","union(., ./translation)"
"Endpoint.connectionType:wado.text","Endpoint.connectionType.text","","","",0,1,"","","Y","string {[]} {[]}
","Plain text representation of the concept","A human language representation of the concept as seen/selected/uttered by the user who entered the data and/or which represents the intended meaning of the user.","Very often the text is the same as a displayName of one of the codings.","The codes from the terminologies do not always capture the correct meaning with all the nuances of the human using them, or sometimes there is no appropriate code at all. In these cases, the text is used to capture the full meaning of the source.","","","","","","","",,,,,"",,,,"CodeableConcept.text",0,1,"","ele-1:All FHIR elements must have a @value or children {hasValue() or (children().count() > id.count())}
","./originalText[mediaType/code=""text/plain""]/data"
"Endpoint.name","Endpoint.name","","","",0,1,"","","Y","string {[]} {[]}
","A name that this endpoint can be identified by","A friendly name that this endpoint can be referred to with.","","","","","","","","","",,,,,"",,,,"Endpoint.name",0,1,"","ele-1:All FHIR elements must have a @value or children {hasValue() or (children().count() > id.count())}
","FiveWs.what[x]","n/a"
"Endpoint.description","Endpoint.description","","","",0,1,"","","Y","string {[]} {[]}
","Additional details about the endpoint that could be displayed as further information to identify the description beyond its name","The description of the endpoint and what it is for (typically used as supplemental information in an endpoint directory describing its usage/purpose).","","","","","","","","","",,,,,"",,,,"Endpoint.description",0,1,"","ele-1:All FHIR elements must have a @value or children {hasValue() or (children().count() > id.count())}
","n/a"
"Endpoint.environmentType","Endpoint.environmentType","","","",0,*,"","","Y","CodeableConcept {[]} {[]}
","The type of environment(s) exposed at this endpoint","The type of environment(s) exposed at this endpoint (dev, prod, test, etc.).","","","","","","","","","",,"extensible","","http://hl7.org/fhir/ValueSet/endpoint-environment","",,,,"Endpoint.environmentType",0,*,"","ele-1:All FHIR elements must have a @value or children {hasValue() or (children().count() > id.count())}
","n/a"
"Endpoint.managingOrganization","Endpoint.managingOrganization","","","",0,1,"","","Y","Reference {[]} {[CanonicalType[http://hl7.eu/fhir/base-r5/StructureDefinition/organization-eu]]}
","Organization that manages this endpoint (might not be the organization that exposes the endpoint)","The organization that manages this endpoint (even if technically another organization is hosting this in the cloud, it is the organization associated with the data).","This property is not typically used when searching for Endpoint resources for usage. The typical usage is via the reference from an applicable Organization/Location/Practitioner resource, which is where the context is provided. Multiple Locations may reference a single endpoint, and don't have to be within the same organization resource, but most likely within the same organizational hierarchy.","","","","","","","","",,,,,"",,,,"Endpoint.managingOrganization",0,1,"","ele-1:All FHIR elements must have a @value or children {hasValue() or (children().count() > id.count())}
","n/a"
"Endpoint.contact","Endpoint.contact","","","",0,*,"","","","ContactPoint {[]} {[]}
","Contact details for source (e.g. troubleshooting)","Contact details for a human to contact about the endpoint. The primary use of this for system administrator troubleshooting.","","","","","","","","","",,,,,"",,,,"Endpoint.contact",0,*,"","ele-1:All FHIR elements must have a @value or children {hasValue() or (children().count() > id.count())}
","n/a"
"Endpoint.period","Endpoint.period","","","",0,1,"","","Y","Period {[]} {[]}
","Interval the endpoint is expected to be operational","The interval during which the endpoint is expected to be operational.","Temporary downtimes or other short-term changes in availability would not be represented in this property.","","","","","","","","",,,,,"",,,,"Endpoint.period",0,1,"","ele-1:All FHIR elements must have a @value or children {hasValue() or (children().count() > id.count())}
","FiveWs.done[x]","n/a"
"Endpoint.payload","Endpoint.payload","","","",1,*,"","","","BackboneElement {[]} {[]}
","Set of payloads that are provided by this endpoint","The set of payloads that are provided/available at this endpoint.","Note that not all mimetypes or types will be listed under the one endpoint resource, there may be multiple instances that information for cases where other header data such as the endpoint address, active status/period etc. is different.","","","","","","","","",,,,,"","value:type}
","",,"open","Endpoint.payload",0,*,"","ele-1:All FHIR elements must have a @value or children {hasValue() or (children().count() > id.count())}
"
"Endpoint.payload.id","Endpoint.payload.id","","","",0,1,"","","","string {[]} {[]}
","Unique id for inter-element referencing","Unique id for the element within a resource (for internal references). This may be any string value that does not contain spaces.","","","","","","","","","",,,,,"",,,,"Element.id",0,1,"ele-1
","","n/a"
"Endpoint.payload.extension","Endpoint.payload.extension","","extensions
user content","",0,*,"","","","Extension {[]} {[]}
","Additional content defined by implementations","May be used to represent additional information that is not part of the basic definition of the element. To make the use of extensions safe and managable, there is a strict set of governance applied to the definition and use of extensions. Though any implementer can define an extension, there is a set of requirements that SHALL be met as part of the definition of the extension.","There can be no stigma associated with the use of extensions by any application, project, or standard - regardless of the institution or jurisdiction that uses or defines the extensions.  The use of extensions is what allows the FHIR specification to retain a core level of simplicity for everyone.","","","","","","","","",,,,,"",,,,"Element.extension",0,*,"","ele-1:All FHIR elements must have a @value or children {hasValue() or (children().count() > id.count())}
ext-1:Must have either extensions or value[x], not both {extension.exists() != value.exists()}","n/a"
"Endpoint.payload.modifierExtension","Endpoint.payload.modifierExtension","","extensions
user contentmodifiers","",0,*,"","Y","Y","Extension {[]} {[]}
","Extensions that cannot be ignored even if unrecognized","May be used to represent additional information that is not part of the basic definition of the element and that modifies the understanding of the element in which it is contained and/or the understanding of the containing element's descendants. Usually modifier elements provide negation or qualification. To make the use of extensions safe and managable, there is a strict set of governance applied to the definition and use of extensions. Though any implementer can define an extension, there is a set of requirements that SHALL be met as part of the definition of the extension. Applications processing a resource are required to check for modifier extensions.

Modifier extensions SHALL NOT change the meaning of any elements on Resource or DomainResource (including cannot change the meaning of modifierExtension itself).","There can be no stigma associated with the use of extensions by any application, project, or standard - regardless of the institution or jurisdiction that uses or defines the extensions.  The use of extensions is what allows the FHIR specification to retain a core level of simplicity for everyone.","Modifier extensions allow for extensions that *cannot* be safely ignored to be clearly distinguished from the vast majority of extensions which can be safely ignored.  This promotes interoperability by eliminating the need for implementers to prohibit the presence of extensions. For further information, see the [definition of modifier extensions](http://hl7.org/fhir/R5/extensibility.html#modifierExtension).","","","","","","","",,,,,"",,,,"BackboneElement.modifierExtension",0,*,"","ele-1:All FHIR elements must have a @value or children {hasValue() or (children().count() > id.count())}
ext-1:Must have either extensions or value[x], not both {extension.exists() != value.exists()}","N/A"
"Endpoint.payload.type","Endpoint.payload.type","","","",0,*,"","","Y","CodeableConcept {[]} {[]}
","The type of content that may be used at this endpoint (e.g. XDS Discharge summaries)","The payload type describes the acceptable content that can be communicated on the endpoint.","The mimeType describes the serialization format of the data, where the payload.type indicates the specific document/schema that is being transferred; e.g. DischargeSummary or CarePlan.","","","","","","","","",,"example","","http://hl7.org/fhir/ValueSet/endpoint-payload-type","",,,,"Endpoint.payload.type",0,*,"","ele-1:All FHIR elements must have a @value or children {hasValue() or (children().count() > id.count())}
","n/a"
"Endpoint.payload.mimeType","Endpoint.payload.mimeType","","","",0,*,"","","Y","code {[]} {[]}
","Mimetype to send. If not specified, the content could be anything (including no payload, if the connectionType defined this)","The mime type to send the payload in - e.g. application/fhir+xml, application/fhir+json. If the mime type is not specified, then the sender could send any content (including no content depending on the connectionType).","Sending the payload has obvious security consequences. The server is responsible for ensuring that the content is appropriately secured.","","","","","","","","",,"required","BCP 13 (RFCs 2045, 2046, 2047, 4288, 4289 and 2049)","http://hl7.org/fhir/ValueSet/mimetypes|5.0.0","",,,,"Endpoint.payload.mimeType",0,*,"","ele-1:All FHIR elements must have a @value or children {hasValue() or (children().count() > id.count())}
","n/a"
"Endpoint.payload:wadors","Endpoint.payload","wadors","","",1,1,"","","","BackboneElement {[]} {[]}
","Set of payloads that are provided by this endpoint","The set of payloads that are provided/available at this endpoint.","Note that not all mimetypes or types will be listed under the one endpoint resource, there may be multiple instances that information for cases where other header data such as the endpoint address, active status/period etc. is different.","","","","","","","","",,,,,"",,,,"Endpoint.payload",0,*,"","ele-1:All FHIR elements must have a @value or children {hasValue() or (children().count() > id.count())}
"
"Endpoint.payload:wadors.id","Endpoint.payload.id","","","",0,1,"","","","string {[]} {[]}
","Unique id for inter-element referencing","Unique id for the element within a resource (for internal references). This may be any string value that does not contain spaces.","","","","","","","","","",,,,,"",,,,"Element.id",0,1,"ele-1
","","n/a"
"Endpoint.payload:wadors.extension","Endpoint.payload.extension","","extensions
user content","",0,*,"","","","Extension {[]} {[]}
","Additional content defined by implementations","May be used to represent additional information that is not part of the basic definition of the element. To make the use of extensions safe and managable, there is a strict set of governance applied to the definition and use of extensions. Though any implementer can define an extension, there is a set of requirements that SHALL be met as part of the definition of the extension.","There can be no stigma associated with the use of extensions by any application, project, or standard - regardless of the institution or jurisdiction that uses or defines the extensions.  The use of extensions is what allows the FHIR specification to retain a core level of simplicity for everyone.","","","","","","","","",,,,,"",,,,"Element.extension",0,*,"","ele-1:All FHIR elements must have a @value or children {hasValue() or (children().count() > id.count())}
ext-1:Must have either extensions or value[x], not both {extension.exists() != value.exists()}","n/a"
"Endpoint.payload:wadors.modifierExtension","Endpoint.payload.modifierExtension","","extensions
user contentmodifiers","",0,*,"","Y","Y","Extension {[]} {[]}
","Extensions that cannot be ignored even if unrecognized","May be used to represent additional information that is not part of the basic definition of the element and that modifies the understanding of the element in which it is contained and/or the understanding of the containing element's descendants. Usually modifier elements provide negation or qualification. To make the use of extensions safe and managable, there is a strict set of governance applied to the definition and use of extensions. Though any implementer can define an extension, there is a set of requirements that SHALL be met as part of the definition of the extension. Applications processing a resource are required to check for modifier extensions.

Modifier extensions SHALL NOT change the meaning of any elements on Resource or DomainResource (including cannot change the meaning of modifierExtension itself).","There can be no stigma associated with the use of extensions by any application, project, or standard - regardless of the institution or jurisdiction that uses or defines the extensions.  The use of extensions is what allows the FHIR specification to retain a core level of simplicity for everyone.","Modifier extensions allow for extensions that *cannot* be safely ignored to be clearly distinguished from the vast majority of extensions which can be safely ignored.  This promotes interoperability by eliminating the need for implementers to prohibit the presence of extensions. For further information, see the [definition of modifier extensions](http://hl7.org/fhir/R5/extensibility.html#modifierExtension).","","","","","","","",,,,,"",,,,"BackboneElement.modifierExtension",0,*,"","ele-1:All FHIR elements must have a @value or children {hasValue() or (children().count() > id.count())}
ext-1:Must have either extensions or value[x], not both {extension.exists() != value.exists()}","N/A"
"Endpoint.payload:wadors.type","Endpoint.payload.type","","","",1,1,"","","Y","CodeableConcept {[]} {[]}
","The type of content that may be used at this endpoint (e.g. XDS Discharge summaries)","The payload type describes the acceptable content that can be communicated on the endpoint.","The mimeType describes the serialization format of the data, where the payload.type indicates the specific document/schema that is being transferred; e.g. DischargeSummary or CarePlan.","","","","","<valueCodeableConcept xmlns=""http://hl7.org/fhir"">
  <coding>
    <system value=""http://terminology.hl7.org/CodeSystem/endpoint-connection-type""/>
    <code value=""dicom-wado-rs""/>
    <display value=""DICOM WADO-RS""/>
  </coding>
</valueCodeableConcept>","","","",,"example","","http://hl7.org/fhir/ValueSet/endpoint-payload-type","",,,,"Endpoint.payload.type",0,*,"","ele-1:All FHIR elements must have a @value or children {hasValue() or (children().count() > id.count())}
","n/a"
"Endpoint.payload:wadors.mimeType","Endpoint.payload.mimeType","","","",17,*,"","","Y","code {[]} {[]}
","Mimetype to send. If not specified, the content could be anything (including no payload, if the connectionType defined this)","The mime type to send the payload in - e.g. application/fhir+xml, application/fhir+json. If the mime type is not specified, then the sender could send any content (including no content depending on the connectionType).","Sending the payload has obvious security consequences. The server is responsible for ensuring that the content is appropriately secured.","","","","","","","","",,"required","BCP 13 (RFCs 2045, 2046, 2047, 4288, 4289 and 2049)","http://hl7.org/fhir/ValueSet/mimetypes|5.0.0","","value:$this}
","",,"open","Endpoint.payload.mimeType",0,*,"","ele-1:All FHIR elements must have a @value or children {hasValue() or (children().count() > id.count())}
","n/a"
"Endpoint.payload:wadors.mimeType:dicom","Endpoint.payload.mimeType","dicom","","",1,1,"","","Y","code {[]} {[]}
","Mimetype to send. If not specified, the content could be anything (including no payload, if the connectionType defined this)","The mime type to send the payload in - e.g. application/fhir+xml, application/fhir+json. If the mime type is not specified, then the sender could send any content (including no content depending on the connectionType).","Sending the payload has obvious security consequences. The server is responsible for ensuring that the content is appropriately secured.","","","","","<valueCode xmlns=""http://hl7.org/fhir"" value=""application/dicom""/>","","","",,"required","BCP 13 (RFCs 2045, 2046, 2047, 4288, 4289 and 2049)","http://hl7.org/fhir/ValueSet/mimetypes|5.0.0","",,,,"Endpoint.payload.mimeType",0,*,"","ele-1:All FHIR elements must have a @value or children {hasValue() or (children().count() > id.count())}
","n/a"
"Endpoint.payload:wadors.mimeType:dicom-octet","Endpoint.payload.mimeType","dicom-octet","","",1,1,"","","Y","code {[]} {[]}
","Mimetype to send. If not specified, the content could be anything (including no payload, if the connectionType defined this)","The mime type to send the payload in - e.g. application/fhir+xml, application/fhir+json. If the mime type is not specified, then the sender could send any content (including no content depending on the connectionType).","Sending the payload has obvious security consequences. The server is responsible for ensuring that the content is appropriately secured.","","","","","<valueCode xmlns=""http://hl7.org/fhir"" value=""application/octet-stream""/>","","","",,"required","BCP 13 (RFCs 2045, 2046, 2047, 4288, 4289 and 2049)","http://hl7.org/fhir/ValueSet/mimetypes|5.0.0","",,,,"Endpoint.payload.mimeType",0,*,"","ele-1:All FHIR elements must have a @value or children {hasValue() or (children().count() > id.count())}
","n/a"
"Endpoint.payload:wadors.mimeType:dicom-xml","Endpoint.payload.mimeType","dicom-xml","","",1,1,"","","Y","code {[]} {[]}
","Mimetype to send. If not specified, the content could be anything (including no payload, if the connectionType defined this)","The mime type to send the payload in - e.g. application/fhir+xml, application/fhir+json. If the mime type is not specified, then the sender could send any content (including no content depending on the connectionType).","Sending the payload has obvious security consequences. The server is responsible for ensuring that the content is appropriately secured.","","","","","<valueCode xmlns=""http://hl7.org/fhir"" value=""application/dicom+xml""/>","","","",,"required","BCP 13 (RFCs 2045, 2046, 2047, 4288, 4289 and 2049)","http://hl7.org/fhir/ValueSet/mimetypes|5.0.0","",,,,"Endpoint.payload.mimeType",0,*,"","ele-1:All FHIR elements must have a @value or children {hasValue() or (children().count() > id.count())}
","n/a"
"Endpoint.payload:wadors.mimeType:dicom-json","Endpoint.payload.mimeType","dicom-json","","",1,1,"","","Y","code {[]} {[]}
","Mimetype to send. If not specified, the content could be anything (including no payload, if the connectionType defined this)","The mime type to send the payload in - e.g. application/fhir+xml, application/fhir+json. If the mime type is not specified, then the sender could send any content (including no content depending on the connectionType).","Sending the payload has obvious security consequences. The server is responsible for ensuring that the content is appropriately secured.","","","","","<valueCode xmlns=""http://hl7.org/fhir"" value=""application/json""/>","","","",,"required","BCP 13 (RFCs 2045, 2046, 2047, 4288, 4289 and 2049)","http://hl7.org/fhir/ValueSet/mimetypes|5.0.0","",,,,"Endpoint.payload.mimeType",0,*,"","ele-1:All FHIR elements must have a @value or children {hasValue() or (children().count() > id.count())}
","n/a"
"Endpoint.payload:wadors.mimeType:image-jpg","Endpoint.payload.mimeType","image-jpg","","",1,1,"","","Y","code {[]} {[]}
","Mimetype to send. If not specified, the content could be anything (including no payload, if the connectionType defined this)","The mime type to send the payload in - e.g. application/fhir+xml, application/fhir+json. If the mime type is not specified, then the sender could send any content (including no content depending on the connectionType).","Sending the payload has obvious security consequences. The server is responsible for ensuring that the content is appropriately secured.","","","","","<valueCode xmlns=""http://hl7.org/fhir"" value=""image/jpg""/>","","","",,"required","BCP 13 (RFCs 2045, 2046, 2047, 4288, 4289 and 2049)","http://hl7.org/fhir/ValueSet/mimetypes|5.0.0","",,,,"Endpoint.payload.mimeType",0,*,"","ele-1:All FHIR elements must have a @value or children {hasValue() or (children().count() > id.count())}
","n/a"
"Endpoint.payload:wadors.mimeType:image-gif","Endpoint.payload.mimeType","image-gif","","",1,1,"","","Y","code {[]} {[]}
","Mimetype to send. If not specified, the content could be anything (including no payload, if the connectionType defined this)","The mime type to send the payload in - e.g. application/fhir+xml, application/fhir+json. If the mime type is not specified, then the sender could send any content (including no content depending on the connectionType).","Sending the payload has obvious security consequences. The server is responsible for ensuring that the content is appropriately secured.","","","","","<valueCode xmlns=""http://hl7.org/fhir"" value=""image/gif""/>","","","",,"required","BCP 13 (RFCs 2045, 2046, 2047, 4288, 4289 and 2049)","http://hl7.org/fhir/ValueSet/mimetypes|5.0.0","",,,,"Endpoint.payload.mimeType",0,*,"","ele-1:All FHIR elements must have a @value or children {hasValue() or (children().count() > id.count())}
","n/a"
"Endpoint.payload:wadors.mimeType:image-jp2","Endpoint.payload.mimeType","image-jp2","","",1,1,"","","Y","code {[]} {[]}
","Mimetype to send. If not specified, the content could be anything (including no payload, if the connectionType defined this)","The mime type to send the payload in - e.g. application/fhir+xml, application/fhir+json. If the mime type is not specified, then the sender could send any content (including no content depending on the connectionType).","Sending the payload has obvious security consequences. The server is responsible for ensuring that the content is appropriately secured.","","","","","<valueCode xmlns=""http://hl7.org/fhir"" value=""image/jp2""/>","","","",,"required","BCP 13 (RFCs 2045, 2046, 2047, 4288, 4289 and 2049)","http://hl7.org/fhir/ValueSet/mimetypes|5.0.0","",,,,"Endpoint.payload.mimeType",0,*,"","ele-1:All FHIR elements must have a @value or children {hasValue() or (children().count() > id.count())}
","n/a"
"Endpoint.payload:wadors.mimeType:image-jph","Endpoint.payload.mimeType","image-jph","","",1,1,"","","Y","code {[]} {[]}
","Mimetype to send. If not specified, the content could be anything (including no payload, if the connectionType defined this)","The mime type to send the payload in - e.g. application/fhir+xml, application/fhir+json. If the mime type is not specified, then the sender could send any content (including no content depending on the connectionType).","Sending the payload has obvious security consequences. The server is responsible for ensuring that the content is appropriately secured.","","","","","<valueCode xmlns=""http://hl7.org/fhir"" value=""image/jph""/>","","","",,"required","BCP 13 (RFCs 2045, 2046, 2047, 4288, 4289 and 2049)","http://hl7.org/fhir/ValueSet/mimetypes|5.0.0","",,,,"Endpoint.payload.mimeType",0,*,"","ele-1:All FHIR elements must have a @value or children {hasValue() or (children().count() > id.count())}
","n/a"
"Endpoint.payload:wadors.mimeType:image-jxl","Endpoint.payload.mimeType","image-jxl","","",1,1,"","","Y","code {[]} {[]}
","Mimetype to send. If not specified, the content could be anything (including no payload, if the connectionType defined this)","The mime type to send the payload in - e.g. application/fhir+xml, application/fhir+json. If the mime type is not specified, then the sender could send any content (including no content depending on the connectionType).","Sending the payload has obvious security consequences. The server is responsible for ensuring that the content is appropriately secured.","","","","","<valueCode xmlns=""http://hl7.org/fhir"" value=""image/jxl""/>","","","",,"required","BCP 13 (RFCs 2045, 2046, 2047, 4288, 4289 and 2049)","http://hl7.org/fhir/ValueSet/mimetypes|5.0.0","",,,,"Endpoint.payload.mimeType",0,*,"","ele-1:All FHIR elements must have a @value or children {hasValue() or (children().count() > id.count())}
","n/a"
"Endpoint.payload:wadors.mimeType:video-mpeg","Endpoint.payload.mimeType","video-mpeg","","",1,1,"","","Y","code {[]} {[]}
","Mimetype to send. If not specified, the content could be anything (including no payload, if the connectionType defined this)","The mime type to send the payload in - e.g. application/fhir+xml, application/fhir+json. If the mime type is not specified, then the sender could send any content (including no content depending on the connectionType).","Sending the payload has obvious security consequences. The server is responsible for ensuring that the content is appropriately secured.","","","","","<valueCode xmlns=""http://hl7.org/fhir"" value=""video/mpeg""/>","","","",,"required","BCP 13 (RFCs 2045, 2046, 2047, 4288, 4289 and 2049)","http://hl7.org/fhir/ValueSet/mimetypes|5.0.0","",,,,"Endpoint.payload.mimeType",0,*,"","ele-1:All FHIR elements must have a @value or children {hasValue() or (children().count() > id.count())}
","n/a"
"Endpoint.payload:wadors.mimeType:video-mp4","Endpoint.payload.mimeType","video-mp4","","",1,1,"","","Y","code {[]} {[]}
","Mimetype to send. If not specified, the content could be anything (including no payload, if the connectionType defined this)","The mime type to send the payload in - e.g. application/fhir+xml, application/fhir+json. If the mime type is not specified, then the sender could send any content (including no content depending on the connectionType).","Sending the payload has obvious security consequences. The server is responsible for ensuring that the content is appropriately secured.","","","","","<valueCode xmlns=""http://hl7.org/fhir"" value=""video/mp4""/>","","","",,"required","BCP 13 (RFCs 2045, 2046, 2047, 4288, 4289 and 2049)","http://hl7.org/fhir/ValueSet/mimetypes|5.0.0","",,,,"Endpoint.payload.mimeType",0,*,"","ele-1:All FHIR elements must have a @value or children {hasValue() or (children().count() > id.count())}
","n/a"
"Endpoint.payload:wadors.mimeType:video-H265","Endpoint.payload.mimeType","video-H265","","",1,1,"","","Y","code {[]} {[]}
","Mimetype to send. If not specified, the content could be anything (including no payload, if the connectionType defined this)","The mime type to send the payload in - e.g. application/fhir+xml, application/fhir+json. If the mime type is not specified, then the sender could send any content (including no content depending on the connectionType).","Sending the payload has obvious security consequences. The server is responsible for ensuring that the content is appropriately secured.","","","","","<valueCode xmlns=""http://hl7.org/fhir"" value=""video/H265""/>","","","",,"required","BCP 13 (RFCs 2045, 2046, 2047, 4288, 4289 and 2049)","http://hl7.org/fhir/ValueSet/mimetypes|5.0.0","",,,,"Endpoint.payload.mimeType",0,*,"","ele-1:All FHIR elements must have a @value or children {hasValue() or (children().count() > id.count())}
","n/a"
"Endpoint.payload:wadors.mimeType:text-html","Endpoint.payload.mimeType","text-html","","",1,1,"","","Y","code {[]} {[]}
","Mimetype to send. If not specified, the content could be anything (including no payload, if the connectionType defined this)","The mime type to send the payload in - e.g. application/fhir+xml, application/fhir+json. If the mime type is not specified, then the sender could send any content (including no content depending on the connectionType).","Sending the payload has obvious security consequences. The server is responsible for ensuring that the content is appropriately secured.","","","","","<valueCode xmlns=""http://hl7.org/fhir"" value=""text/html""/>","","","",,"required","BCP 13 (RFCs 2045, 2046, 2047, 4288, 4289 and 2049)","http://hl7.org/fhir/ValueSet/mimetypes|5.0.0","",,,,"Endpoint.payload.mimeType",0,*,"","ele-1:All FHIR elements must have a @value or children {hasValue() or (children().count() > id.count())}
","n/a"
"Endpoint.payload:wadors.mimeType:text-plain","Endpoint.payload.mimeType","text-plain","","",1,1,"","","Y","code {[]} {[]}
","Mimetype to send. If not specified, the content could be anything (including no payload, if the connectionType defined this)","The mime type to send the payload in - e.g. application/fhir+xml, application/fhir+json. If the mime type is not specified, then the sender could send any content (including no content depending on the connectionType).","Sending the payload has obvious security consequences. The server is responsible for ensuring that the content is appropriately secured.","","","","","<valueCode xmlns=""http://hl7.org/fhir"" value=""text/plain""/>","","","",,"required","BCP 13 (RFCs 2045, 2046, 2047, 4288, 4289 and 2049)","http://hl7.org/fhir/ValueSet/mimetypes|5.0.0","",,,,"Endpoint.payload.mimeType",0,*,"","ele-1:All FHIR elements must have a @value or children {hasValue() or (children().count() > id.count())}
","n/a"
"Endpoint.payload:wadors.mimeType:text-xml","Endpoint.payload.mimeType","text-xml","","",1,1,"","","Y","code {[]} {[]}
","Mimetype to send. If not specified, the content could be anything (including no payload, if the connectionType defined this)","The mime type to send the payload in - e.g. application/fhir+xml, application/fhir+json. If the mime type is not specified, then the sender could send any content (including no content depending on the connectionType).","Sending the payload has obvious security consequences. The server is responsible for ensuring that the content is appropriately secured.","","","","","<valueCode xmlns=""http://hl7.org/fhir"" value=""text/xml""/>","","","",,"required","BCP 13 (RFCs 2045, 2046, 2047, 4288, 4289 and 2049)","http://hl7.org/fhir/ValueSet/mimetypes|5.0.0","",,,,"Endpoint.payload.mimeType",0,*,"","ele-1:All FHIR elements must have a @value or children {hasValue() or (children().count() > id.count())}
","n/a"
"Endpoint.payload:wadors.mimeType:text-rtf","Endpoint.payload.mimeType","text-rtf","","",1,1,"","","Y","code {[]} {[]}
","Mimetype to send. If not specified, the content could be anything (including no payload, if the connectionType defined this)","The mime type to send the payload in - e.g. application/fhir+xml, application/fhir+json. If the mime type is not specified, then the sender could send any content (including no content depending on the connectionType).","Sending the payload has obvious security consequences. The server is responsible for ensuring that the content is appropriately secured.","","","","","<valueCode xmlns=""http://hl7.org/fhir"" value=""text/rtf""/>","","","",,"required","BCP 13 (RFCs 2045, 2046, 2047, 4288, 4289 and 2049)","http://hl7.org/fhir/ValueSet/mimetypes|5.0.0","",,,,"Endpoint.payload.mimeType",0,*,"","ele-1:All FHIR elements must have a @value or children {hasValue() or (children().count() > id.count())}
","n/a"
"Endpoint.payload:wadors.mimeType:application-pdf","Endpoint.payload.mimeType","application-pdf","","",1,1,"","","Y","code {[]} {[]}
","Mimetype to send. If not specified, the content could be anything (including no payload, if the connectionType defined this)","The mime type to send the payload in - e.g. application/fhir+xml, application/fhir+json. If the mime type is not specified, then the sender could send any content (including no content depending on the connectionType).","Sending the payload has obvious security consequences. The server is responsible for ensuring that the content is appropriately secured.","","","","","<valueCode xmlns=""http://hl7.org/fhir"" value=""application/pdf""/>","","","",,"required","BCP 13 (RFCs 2045, 2046, 2047, 4288, 4289 and 2049)","http://hl7.org/fhir/ValueSet/mimetypes|5.0.0","",,,,"Endpoint.payload.mimeType",0,*,"","ele-1:All FHIR elements must have a @value or children {hasValue() or (children().count() > id.count())}
","n/a"
"Endpoint.address","Endpoint.address","","","",1,1,"","","Y","url {[]} {[]}
","The technical base address for connecting to this endpoint","The uri that describes the actual end-point to connect to.","For rest-hook, and websocket, the end-point must be an http: or https: URL; for email, a mailto: url, for sms, a tel: url, and for message the endpoint can be in any form of url the server understands (usually, http: or mllp:). The URI is allowed to be relative; in which case, it is relative to the server end-point (since there may be more than one, clients should avoid using relative URIs)

This address will be to the service base, without any parameters, or sub-services or resources tacked on.

E.g. for a WADO-RS endpoint, the url should be ""https://pacs.hospital.org/wado-rs""

and not ""https://pacs.hospital.org/wado-rs/studies/1.2.250.1.59.40211.12345678.678910/series/1.2.250.1.59.40211.789001276.14556172.67789/instances/..."".","","","","","","","","",,,,,"",,,,"Endpoint.address",1,1,"","ele-1:All FHIR elements must have a @value or children {hasValue() or (children().count() > id.count())}
","n/a"
"Endpoint.header","Endpoint.header","","","",0,*,"","","","string {[]} {[]}
","Usage depends on the channel type","Additional headers / information to send as part of the notification.","Exactly what these mean depends on the channel type. The can convey additional information to the recipient and/or meet security requirements.","","","","","","","","",,,,,"",,,,"Endpoint.header",0,*,"","ele-1:All FHIR elements must have a @value or children {hasValue() or (children().count() > id.count())}
"
