{
  "resourceType" : "ActorDefinition",
  "id" : "ImReportProvider",
  "text" : {
    "status" : "generated",
    "div" : "<div xmlns=\"http://www.w3.org/1999/xhtml\"><p class=\"res-header-id\"><b>Generated Narrative: ActorDefinition ImReportProvider</b></p><a name=\"ImReportProvider\"> </a><a name=\"hcImReportProvider\"> </a><table class=\"grid\"><tr><td><b>Actor: ImReportProvider </b></td><td>Imaging study report provider</td><td>Type: system </td></tr><tr><td colspan=\"3\"/></tr></table></div>"
  },
  "url" : "http://hl7.eu/fhir/imaging-r5/ActorDefinition/ImReportProvider",
  "version" : "0.1.0-ballot",
  "name" : "ImReportProvider",
  "title" : "Imaging study report provider",
  "status" : "draft",
  "date" : "2025-06-16T13:38:01+00:00",
  "publisher" : "HL7 Europe",
  "contact" : [{
    "name" : "HL7 Europe",
    "telecom" : [{
      "system" : "url",
      "value" : "http://hl7.eu"
    }]
  }],
  "description" : "Provides the Imaging study report.",
  "jurisdiction" : [{
    "coding" : [{
      "system" : "http://unstats.un.org/unsd/methods/m49/m49.htm",
      "code" : "150",
      "display" : "Europe"
    }]
  }],
  "copyright" : "Used by permission of HL7 Europe, all rights reserved Creative Commons License",
  "type" : "system"
}