{
  "resourceType" : "ConceptMap",
  "id" : "EHDSAttachmentMap",
  "text" : {
    "status" : "generated",
    "div" : "<div xmlns=\"http://www.w3.org/1999/xhtml\"><p class=\"res-header-id\"><b>Generated Narrative: ConceptMap EHDSAttachmentMap</b></p><a name=\"EHDSAttachmentMap\"> </a><a name=\"hcEHDSAttachmentMap\"> </a><p>Mapping from <a href=\"StructureDefinition-EHDSAttachment.html\">Attachment model</a> to (not specified)</p><br/><p><b>Group 1 </b>Mapping from <a href=\"StructureDefinition-EHDSAttachment.html\">Attachment model</a> to <a href=\"http://hl7.org/fhir/R5/datatypes.html#Attachment\">Attachment</a></p><table class=\"grid\"><tr><td><b>Source Code</b></td><td><b>Relationship</b></td><td><b>Target Code</b></td><td><b>Comment</b></td></tr><tr><td>contentType</td><td><a href=\"http://hl7.org/fhir/R5/codesystem-concept-map-relationship.html#source-is-broader-than-target\" title=\"source-is-broader-than-target\">is broader than</a></td><td>contentType (C.7.1 - Content Type)</td><td>FHIR requires binding.</td></tr><tr><td>language</td><td><a href=\"http://hl7.org/fhir/R5/codesystem-concept-map-relationship.html#equivalent\" title=\"equivalent\">is equivalent to</a></td><td>language (C.7.2 - Language)</td><td/></tr><tr><td>data</td><td><a href=\"http://hl7.org/fhir/R5/codesystem-concept-map-relationship.html#equivalent\" title=\"equivalent\">is equivalent to</a></td><td>data (C.7.3 - Data)</td><td/></tr><tr><td>url</td><td><a href=\"http://hl7.org/fhir/R5/codesystem-concept-map-relationship.html#equivalent\" title=\"equivalent\">is equivalent to</a></td><td>url (C.7.4 - URL)</td><td/></tr><tr><td>size</td><td><a href=\"http://hl7.org/fhir/R5/codesystem-concept-map-relationship.html#equivalent\" title=\"equivalent\">is equivalent to</a></td><td>size (C.7.5 - Size)</td><td/></tr><tr><td>hash</td><td><a href=\"http://hl7.org/fhir/R5/codesystem-concept-map-relationship.html#equivalent\" title=\"equivalent\">is equivalent to</a></td><td>hash (C.7.6 - Hash)</td><td/></tr><tr><td>title</td><td><a href=\"http://hl7.org/fhir/R5/codesystem-concept-map-relationship.html#equivalent\" title=\"equivalent\">is equivalent to</a></td><td>title (C.7.7 - Title)</td><td/></tr><tr><td>creationDate</td><td><a href=\"http://hl7.org/fhir/R5/codesystem-concept-map-relationship.html#equivalent\" title=\"equivalent\">is equivalent to</a></td><td>creation (C.7.8 - Creation date)</td><td/></tr><tr><td>height</td><td><a href=\"http://hl7.org/fhir/R5/codesystem-concept-map-relationship.html#equivalent\" title=\"equivalent\">is equivalent to</a></td><td>height (C.7.9 - Height)</td><td/></tr><tr><td>width</td><td><a href=\"http://hl7.org/fhir/R5/codesystem-concept-map-relationship.html#equivalent\" title=\"equivalent\">is equivalent to</a></td><td>width (C.7.10 - Width)</td><td/></tr><tr><td>frames</td><td><a href=\"http://hl7.org/fhir/R5/codesystem-concept-map-relationship.html#equivalent\" title=\"equivalent\">is equivalent to</a></td><td>frames (C.7.11 - Frames)</td><td/></tr><tr><td>duration</td><td><a href=\"http://hl7.org/fhir/R5/codesystem-concept-map-relationship.html#equivalent\" title=\"equivalent\">is equivalent to</a></td><td>duration (C.7.12 - Duration)</td><td/></tr></table></div>"
  },
  "url" : "http://hl7.eu/fhir/imaging-r5/ConceptMap/EHDSAttachmentMap",
  "version" : "0.1.0-ballot",
  "name" : "EHDSAttachmentMap",
  "title" : "EHDSAttachment Mapping",
  "status" : "draft",
  "experimental" : true,
  "date" : "2025-06-16T13:38:01+00:00",
  "publisher" : "HL7 Europe",
  "contact" : [{
    "name" : "HL7 Europe",
    "telecom" : [{
      "system" : "url",
      "value" : "http://hl7.eu"
    }]
  }],
  "description" : "Map for EHDSAttachment",
  "jurisdiction" : [{
    "coding" : [{
      "system" : "http://unstats.un.org/unsd/methods/m49/m49.htm",
      "code" : "150",
      "display" : "Europe"
    }]
  }],
  "copyright" : "Used by permission of HL7 Europe, all rights reserved Creative Commons License",
  "sourceScopeUri" : "https://www.xt-ehr.eu/specifications/fhir/StructureDefinition/EHDSAttachment",
  "group" : [{
    "source" : "https://www.xt-ehr.eu/specifications/fhir/StructureDefinition/EHDSAttachment",
    "target" : "http://hl7.org/fhir/StructureDefinition/Attachment",
    "element" : [{
      "code" : "contentType",
      "target" : [{
        "code" : "contentType",
        "display" : "C.7.1 - Content Type",
        "relationship" : "source-is-broader-than-target",
        "comment" : "FHIR requires binding."
      }]
    },
    {
      "code" : "language",
      "target" : [{
        "code" : "language",
        "display" : "C.7.2 - Language",
        "relationship" : "equivalent"
      }]
    },
    {
      "code" : "data",
      "target" : [{
        "code" : "data",
        "display" : "C.7.3 - Data",
        "relationship" : "equivalent"
      }]
    },
    {
      "code" : "url",
      "target" : [{
        "code" : "url",
        "display" : "C.7.4 - URL",
        "relationship" : "equivalent"
      }]
    },
    {
      "code" : "size",
      "target" : [{
        "code" : "size",
        "display" : "C.7.5 - Size",
        "relationship" : "equivalent"
      }]
    },
    {
      "code" : "hash",
      "target" : [{
        "code" : "hash",
        "display" : "C.7.6 - Hash",
        "relationship" : "equivalent"
      }]
    },
    {
      "code" : "title",
      "target" : [{
        "code" : "title",
        "display" : "C.7.7 - Title",
        "relationship" : "equivalent"
      }]
    },
    {
      "code" : "creationDate",
      "target" : [{
        "code" : "creation",
        "display" : "C.7.8 - Creation date",
        "relationship" : "equivalent"
      }]
    },
    {
      "code" : "height",
      "target" : [{
        "code" : "height",
        "display" : "C.7.9 - Height",
        "relationship" : "equivalent"
      }]
    },
    {
      "code" : "width",
      "target" : [{
        "code" : "width",
        "display" : "C.7.10 - Width",
        "relationship" : "equivalent"
      }]
    },
    {
      "code" : "frames",
      "target" : [{
        "code" : "frames",
        "display" : "C.7.11 - Frames",
        "relationship" : "equivalent"
      }]
    },
    {
      "code" : "duration",
      "target" : [{
        "code" : "duration",
        "display" : "C.7.12 - Duration",
        "relationship" : "equivalent"
      }]
    }]
  }]
}