{
  "resourceType" : "ConceptMap",
  "id" : "EHDSCarePlanMap",
  "text" : {
    "status" : "generated",
    "div" : "<div xmlns=\"http://www.w3.org/1999/xhtml\"><p class=\"res-header-id\"><b>Generated Narrative: ConceptMap EHDSCarePlanMap</b></p><a name=\"EHDSCarePlanMap\"> </a><a name=\"hcEHDSCarePlanMap\"> </a><p>Mapping from <a href=\"StructureDefinition-EHDSCarePlan.html\">Care plan model</a> to (not specified)</p><br/><p><b>Group 1 </b>Mapping from <a href=\"StructureDefinition-EHDSCarePlan.html\">Care plan model</a> to <a href=\"StructureDefinition-CarePlanEu.html\">EU CarePlan</a></p><table class=\"grid\"><tr><td colspan=\"2\"><b>Source Concept Details</b></td><td><b>Relationship</b></td><td colspan=\"2\"><b>Target Concept Details</b></td><td><b>Comment</b></td></tr><tr><td colspan=\"2\"><b>Codes</b> from https://www.xt-ehr.eu/specifications/fhir/StructureDefinition/EHDSCarePlan</td><td/><td colspan=\"2\"><b>Codes</b> from http://hl7.eu/fhir/imaging-r5/StructureDefinition/CarePlanEu</td><td/></tr><tr><td style=\"border-right-width: 0px\">identifier</td><td style=\"border-left-width: 0px\"/><td><a href=\"http://hl7.org/fhir/R5/codesystem-concept-map-relationship.html#equivalent\" title=\"equivalent\">is equivalent to</a></td><td style=\"border-right-width: 0px\">identifier</td><td style=\"border-left-width: 0px\">C.19.1 - Identifier</td><td/></tr><tr><td style=\"border-right-width: 0px\">status</td><td style=\"border-left-width: 0px\"/><td><a href=\"http://hl7.org/fhir/R5/codesystem-concept-map-relationship.html#source-is-broader-than-target\" title=\"source-is-broader-than-target\">is broader than</a></td><td style=\"border-right-width: 0px\">status</td><td style=\"border-left-width: 0px\">C.19.2 - Status</td><td>Source binding is preferred, target required.</td></tr><tr><td style=\"border-right-width: 0px\">intent</td><td style=\"border-left-width: 0px\"/><td><a href=\"http://hl7.org/fhir/R5/codesystem-concept-map-relationship.html#source-is-broader-than-target\" title=\"source-is-broader-than-target\">is broader than</a></td><td style=\"border-right-width: 0px\">intent</td><td style=\"border-left-width: 0px\">C.19.3 - Intent</td><td>Source binding is preferred, target required.</td></tr><tr><td style=\"border-right-width: 0px; border-bottom-style: none\">title</td><td style=\"border-left-width: 0px; border-bottom-style: none\"/><td><a href=\"http://hl7.org/fhir/R5/codesystem-concept-map-relationship.html#source-is-broader-than-target\" title=\"source-is-broader-than-target\">is broader than</a></td><td style=\"border-right-width: 0px\">title</td><td style=\"border-left-width: 0px\">C.19.4 - Title</td><td>Source is modelled as Narrative (html), target as string</td></tr><tr><td style=\"border-right-width: 0px; border-top-style: none\"/><td style=\"border-top-style: none; border-left-width: 0px\"/><td><a href=\"http://hl7.org/fhir/R5/codesystem-concept-map-relationship.html#source-is-broader-than-target\" title=\"source-is-broader-than-target\">is broader than</a></td><td style=\"border-right-width: 0px\">title.extension[http://hl7.org/fhir/StructureDefinition/rendering-xhtml]</td><td style=\"border-left-width: 0px\">C.19.4 - Title</td><td/></tr><tr><td style=\"border-right-width: 0px; border-bottom-style: none\">description</td><td style=\"border-left-width: 0px; border-bottom-style: none\"/><td><a href=\"http://hl7.org/fhir/R5/codesystem-concept-map-relationship.html#source-is-broader-than-target\" title=\"source-is-broader-than-target\">is broader than</a></td><td style=\"border-right-width: 0px\">description</td><td style=\"border-left-width: 0px\">C.19.5 - Description</td><td>Source is modelled as Narrative (html), target as string</td></tr><tr><td style=\"border-right-width: 0px; border-top-style: none\"/><td style=\"border-top-style: none; border-left-width: 0px\"/><td><a href=\"http://hl7.org/fhir/R5/codesystem-concept-map-relationship.html#source-is-broader-than-target\" title=\"source-is-broader-than-target\">is broader than</a></td><td style=\"border-right-width: 0px\">description.extension[http://hl7.org/fhir/StructureDefinition/rendering-xhtml]</td><td style=\"border-left-width: 0px\">C.19.5 - Description</td><td/></tr><tr><td style=\"border-right-width: 0px\">patient</td><td style=\"border-left-width: 0px\"/><td><a href=\"http://hl7.org/fhir/R5/codesystem-concept-map-relationship.html#equivalent\" title=\"equivalent\">is equivalent to</a></td><td style=\"border-right-width: 0px\">subject</td><td style=\"border-left-width: 0px\">C.19.6 - Subject</td><td/></tr><tr><td style=\"border-right-width: 0px\">period</td><td style=\"border-left-width: 0px\"/><td><a href=\"http://hl7.org/fhir/R5/codesystem-concept-map-relationship.html#equivalent\" title=\"equivalent\">is equivalent to</a></td><td style=\"border-right-width: 0px\">period</td><td style=\"border-left-width: 0px\">C.19.7 - Period</td><td/></tr><tr><td style=\"border-right-width: 0px\">custodian</td><td style=\"border-left-width: 0px\"/><td><a href=\"http://hl7.org/fhir/R5/codesystem-concept-map-relationship.html#equivalent\" title=\"equivalent\">is equivalent to</a></td><td style=\"border-right-width: 0px\">custodian</td><td style=\"border-left-width: 0px\">C.19.8 - Custodian</td><td/></tr><tr><td style=\"border-right-width: 0px\">contributor</td><td style=\"border-left-width: 0px\"/><td><a href=\"http://hl7.org/fhir/R5/codesystem-concept-map-relationship.html#equivalent\" title=\"equivalent\">is equivalent to</a></td><td style=\"border-right-width: 0px\">contributor</td><td style=\"border-left-width: 0px\">C.19.9 - Contributor</td><td/></tr><tr><td style=\"border-right-width: 0px\">goal</td><td style=\"border-left-width: 0px\"/><td><a href=\"http://hl7.org/fhir/R5/codesystem-concept-map-relationship.html#equivalent\" title=\"equivalent\">is equivalent to</a></td><td style=\"border-right-width: 0px\">goal</td><td style=\"border-left-width: 0px\">C.19.11 - Goal</td><td/></tr><tr><td style=\"border-right-width: 0px\">activity</td><td style=\"border-left-width: 0px\"/><td><a href=\"http://hl7.org/fhir/R5/codesystem-concept-map-relationship.html#equivalent\" title=\"equivalent\">is equivalent to</a></td><td style=\"border-right-width: 0px\">activity</td><td style=\"border-left-width: 0px\">C.19.12 - Activity</td><td/></tr><tr><td style=\"border-right-width: 0px\">note</td><td style=\"border-left-width: 0px\"/><td><a href=\"http://hl7.org/fhir/R5/codesystem-concept-map-relationship.html#equivalent\" title=\"equivalent\">is equivalent to</a></td><td style=\"border-right-width: 0px\">note</td><td style=\"border-left-width: 0px\">C.19.13 - Note</td><td/></tr></table><hr/><p><b>Group 2 </b>Mapping from <a href=\"StructureDefinition-EHDSCarePlan.html\">Care plan model</a> to <code>unspecified code system</code></p><table class=\"grid\"><tr><td><b>Source Code</b></td><td><b>Relationship</b></td><td><b>Target Code</b></td></tr><tr><td>addresses ((C.19.10 - Addresses))</td><td colspan=\"2\" style=\"background-color: #efefef\">(not mapped)</td></tr></table></div>"
  },
  "url" : "http://hl7.eu/fhir/imaging-r5/ConceptMap/EHDSCarePlanMap",
  "version" : "0.1.0-ballot",
  "name" : "EHDSCarePlanMap",
  "title" : "EHDSCarePlan Mapping",
  "status" : "draft",
  "experimental" : true,
  "date" : "2025-07-02T12:58:33+00:00",
  "publisher" : "HL7 Europe",
  "contact" : [{
    "name" : "HL7 Europe",
    "telecom" : [{
      "system" : "url",
      "value" : "http://hl7.eu"
    }]
  }],
  "description" : "Map for EHDSCarePlan",
  "jurisdiction" : [{
    "coding" : [{
      "system" : "http://unstats.un.org/unsd/methods/m49/m49.htm",
      "code" : "150",
      "display" : "Europe"
    }]
  }],
  "copyright" : "Used by permission of HL7 Europe, all rights reserved Creative Commons License",
  "sourceScopeUri" : "https://www.xt-ehr.eu/specifications/fhir/StructureDefinition/EHDSCarePlan",
  "group" : [{
    "source" : "https://www.xt-ehr.eu/specifications/fhir/StructureDefinition/EHDSCarePlan",
    "target" : "http://hl7.eu/fhir/imaging-r5/StructureDefinition/CarePlanEu",
    "element" : [{
      "code" : "identifier",
      "target" : [{
        "code" : "identifier",
        "display" : "C.19.1 - Identifier",
        "relationship" : "equivalent"
      }]
    },
    {
      "code" : "status",
      "target" : [{
        "code" : "status",
        "display" : "C.19.2 - Status",
        "relationship" : "source-is-broader-than-target",
        "comment" : "Source binding is preferred, target required."
      }]
    },
    {
      "code" : "intent",
      "target" : [{
        "code" : "intent",
        "display" : "C.19.3 - Intent",
        "relationship" : "source-is-broader-than-target",
        "comment" : "Source binding is preferred, target required."
      }]
    },
    {
      "code" : "title",
      "target" : [{
        "code" : "title",
        "display" : "C.19.4 - Title",
        "relationship" : "source-is-broader-than-target",
        "comment" : "Source is modelled as Narrative (html), target as string"
      },
      {
        "code" : "title.extension[http://hl7.org/fhir/StructureDefinition/rendering-xhtml]",
        "display" : "C.19.4 - Title",
        "relationship" : "source-is-broader-than-target"
      }]
    },
    {
      "code" : "description",
      "target" : [{
        "code" : "description",
        "display" : "C.19.5 - Description",
        "relationship" : "source-is-broader-than-target",
        "comment" : "Source is modelled as Narrative (html), target as string"
      },
      {
        "code" : "description.extension[http://hl7.org/fhir/StructureDefinition/rendering-xhtml]",
        "display" : "C.19.5 - Description",
        "relationship" : "source-is-broader-than-target"
      }]
    },
    {
      "code" : "patient",
      "target" : [{
        "code" : "subject",
        "display" : "C.19.6 - Subject",
        "relationship" : "equivalent"
      }]
    },
    {
      "code" : "period",
      "target" : [{
        "code" : "period",
        "display" : "C.19.7 - Period",
        "relationship" : "equivalent"
      }]
    },
    {
      "code" : "custodian",
      "target" : [{
        "code" : "custodian",
        "display" : "C.19.8 - Custodian",
        "relationship" : "equivalent"
      }]
    },
    {
      "code" : "contributor",
      "target" : [{
        "code" : "contributor",
        "display" : "C.19.9 - Contributor",
        "relationship" : "equivalent"
      }]
    },
    {
      "code" : "goal",
      "target" : [{
        "code" : "goal",
        "display" : "C.19.11 - Goal",
        "relationship" : "equivalent"
      }]
    },
    {
      "code" : "activity",
      "target" : [{
        "code" : "activity",
        "display" : "C.19.12 - Activity",
        "relationship" : "equivalent"
      }]
    },
    {
      "code" : "note",
      "target" : [{
        "code" : "note",
        "display" : "C.19.13 - Note",
        "relationship" : "equivalent"
      }]
    }]
  },
  {
    "source" : "https://www.xt-ehr.eu/specifications/fhir/StructureDefinition/EHDSCarePlan",
    "element" : [{
      "code" : "addresses",
      "display" : "(C.19.10 - Addresses)",
      "noMap" : true
    }]
  }]
}