<?xml version="1.0" encoding="UTF-8"?>

<ConceptMap xmlns="http://hl7.org/fhir">
  <id value="EHDSLocationMap"/>
  <text>
    <status value="generated"/><div xmlns="http://www.w3.org/1999/xhtml"><p class="res-header-id"><b>Generated Narrative: ConceptMap EHDSLocationMap</b></p><a name="EHDSLocationMap"> </a><a name="hcEHDSLocationMap"> </a><p>Mapping from <a href="StructureDefinition-EHDSLocation.html">Location model</a> to (not specified)</p><br/><p><b>Group 1 </b>Mapping from <a href="StructureDefinition-EHDSLocation.html">Location model</a> to <a href="http://hl7.eu/fhir/base-r5/0.1.0-ballot/StructureDefinition-location-eu.html">Location (EU base)</a></p><table class="grid"><tr><td><b>Source Code</b></td><td><b>Relationship</b></td><td><b>Target Code</b></td><td><b>Comment</b></td></tr><tr><td>identifier</td><td><a href="http://hl7.org/fhir/R5/codesystem-concept-map-relationship.html#equivalent" title="equivalent">is equivalent to</a></td><td>identifier (C.17.1 - Identifier)</td><td/></tr><tr><td>name</td><td><a href="http://hl7.org/fhir/R5/codesystem-concept-map-relationship.html#equivalent" title="equivalent">is equivalent to</a></td><td>name (C.17.2 - Name)</td><td/></tr><tr><td>description</td><td><a href="http://hl7.org/fhir/R5/codesystem-concept-map-relationship.html#equivalent" title="equivalent">is equivalent to</a></td><td>description (C.17.3 - Description)</td><td>Source is xml</td></tr><tr><td>type</td><td><a href="http://hl7.org/fhir/R5/codesystem-concept-map-relationship.html#equivalent" title="equivalent">is equivalent to</a></td><td>type (C.17.4 - Type)</td><td/></tr><tr><td>address</td><td><a href="http://hl7.org/fhir/R5/codesystem-concept-map-relationship.html#equivalent" title="equivalent">is equivalent to</a></td><td>address (C.17.5 - Address)</td><td/></tr><tr><td>position</td><td><a href="http://hl7.org/fhir/R5/codesystem-concept-map-relationship.html#equivalent" title="equivalent">is equivalent to</a></td><td>position (C.17.6 - Position)</td><td/></tr><tr><td>position.longitude</td><td><a href="http://hl7.org/fhir/R5/codesystem-concept-map-relationship.html#equivalent" title="equivalent">is equivalent to</a></td><td>position.longitude (C.17.6.1 - Longitude)</td><td/></tr><tr><td>position.latitude</td><td><a href="http://hl7.org/fhir/R5/codesystem-concept-map-relationship.html#equivalent" title="equivalent">is equivalent to</a></td><td>position.latitude (C.17.6.2 - Latitude)</td><td/></tr><tr><td>managingOrganization</td><td><a href="http://hl7.org/fhir/R5/codesystem-concept-map-relationship.html#equivalent" title="equivalent">is equivalent to</a></td><td>managingOrganization (C.17.7 - Managing organization)</td><td/></tr><tr><td>partOf</td><td><a href="http://hl7.org/fhir/R5/codesystem-concept-map-relationship.html#equivalent" title="equivalent">is equivalent to</a></td><td>partOf (C.17.8 - Part of)</td><td/></tr></table></div>
  </text>
  <url value="http://hl7.eu/fhir/imaging-r5/ConceptMap/EHDSLocationMap"/>
  <version value="0.1.0-ballot"/>
  <name value="EHDSLocationMap"/>
  <title value="EHDSLocation Mapping"/>
  <status value="draft"/>
  <experimental value="true"/>
  <date value="2025-07-02T12:58:33+00:00"/>
  <publisher value="HL7 Europe"/>
  <contact>
    <name value="HL7 Europe"/>
    <telecom>
      <system value="url"/>
      <value value="http://hl7.eu"/>
    </telecom>
  </contact>
  <description value="Map for EHDSLocation"/>
  <jurisdiction>
    <coding>
      <system value="http://unstats.un.org/unsd/methods/m49/m49.htm"/>
      <code value="150"/>
      <display value="Europe"/>
    </coding>
  </jurisdiction>
  <copyright value="Used by permission of HL7 Europe, all rights reserved Creative Commons License"/>
  <sourceScopeUri value="https://www.xt-ehr.eu/specifications/fhir/StructureDefinition/EHDSLocation"/>
  <group>
    <source value="https://www.xt-ehr.eu/specifications/fhir/StructureDefinition/EHDSLocation"/>
    <target value="http://hl7.eu/fhir/base-r5/StructureDefinition/location-eu"/>
    <element>
      <code value="identifier"/>
      <target>
        <code value="identifier"/>
        <display value="C.17.1 - Identifier"/>
        <relationship value="equivalent"/>
      </target>
    </element>
    <element>
      <code value="name"/>
      <target>
        <code value="name"/>
        <display value="C.17.2 - Name"/>
        <relationship value="equivalent"/>
      </target>
    </element>
    <element>
      <code value="description"/>
      <target>
        <code value="description"/>
        <display value="C.17.3 - Description"/>
        <relationship value="equivalent"/>
        <comment value="Source is xml"/>
      </target>
    </element>
    <element>
      <code value="type"/>
      <target>
        <code value="type"/>
        <display value="C.17.4 - Type"/>
        <relationship value="equivalent"/>
      </target>
    </element>
    <element>
      <code value="address"/>
      <target>
        <code value="address"/>
        <display value="C.17.5 - Address"/>
        <relationship value="equivalent"/>
      </target>
    </element>
    <element>
      <code value="position"/>
      <target>
        <code value="position"/>
        <display value="C.17.6 - Position"/>
        <relationship value="equivalent"/>
      </target>
    </element>
    <element>
      <code value="position.longitude"/>
      <target>
        <code value="position.longitude"/>
        <display value="C.17.6.1 - Longitude"/>
        <relationship value="equivalent"/>
      </target>
    </element>
    <element>
      <code value="position.latitude"/>
      <target>
        <code value="position.latitude"/>
        <display value="C.17.6.2 - Latitude"/>
        <relationship value="equivalent"/>
      </target>
    </element>
    <element>
      <code value="managingOrganization"/>
      <target>
        <code value="managingOrganization"/>
        <display value="C.17.7 - Managing organization"/>
        <relationship value="equivalent"/>
      </target>
    </element>
    <element>
      <code value="partOf"/>
      <target>
        <code value="partOf"/>
        <display value="C.17.8 - Part of"/>
        <relationship value="equivalent"/>
      </target>
    </element>
  </group>
</ConceptMap>