{
  "resourceType" : "ValueSet",
  "id" : "ImSectionEmptyReason",
  "text" : {
    "status" : "generated",
    "div" : "<div xmlns=\"http://www.w3.org/1999/xhtml\"><p class=\"res-header-id\"><b>Generated Narrative: ValueSet ImSectionEmptyReason</b></p><a name=\"ImSectionEmptyReason\"> </a><a name=\"hcImSectionEmptyReason\"> </a><p>This value set includes codes based on the following rules:</p><ul><li>Include all codes defined in <a href=\"http://terminology.hl7.org/6.2.0/CodeSystem-list-empty-reason.html\"><code>http://terminology.hl7.org/CodeSystem/list-empty-reason</code></a></li><li>Include these codes as defined in <a href=\"http://loinc.org\"><code>http://loinc.org</code></a><table class=\"none\"><tr><td style=\"white-space:nowrap\"><b>Code</b></td><td><b>Display</b></td></tr><tr><td><a href=\"https://loinc.org/LA4720-4/\">LA4720-4</a></td><td>Not applicable</td></tr></table></li></ul></div>"
  },
  "url" : "http://hl7.eu/fhir/imaging-r5/ValueSet/ImSectionEmptyReason",
  "version" : "0.1.0-ballot",
  "name" : "ImSectionEmptyReason",
  "title" : "Reasons a section in an imaging report is empty.",
  "status" : "draft",
  "experimental" : false,
  "date" : "2025-07-02T12:58:33+00:00",
  "publisher" : "HL7 Europe",
  "contact" : [{
    "name" : "HL7 Europe",
    "telecom" : [{
      "system" : "url",
      "value" : "http://hl7.eu"
    }]
  }],
  "description" : "Reasons a section in an imaging report is empty.",
  "jurisdiction" : [{
    "coding" : [{
      "system" : "http://unstats.un.org/unsd/methods/m49/m49.htm",
      "code" : "150",
      "display" : "Europe"
    }]
  }],
  "copyright" : "This material contains content from LOINC (http://loinc.org). LOINC is copyright © 1995-2020, Regenstrief Institute, Inc. and the Logical Observation Identifiers Names and Codes (LOINC) Committee and is available at no cost under the license at http://loinc.org/license. LOINC® is a registered United States trademark of Regenstrief Institute, Inc",
  "compose" : {
    "include" : [{
      "system" : "http://terminology.hl7.org/CodeSystem/list-empty-reason"
    },
    {
      "system" : "http://loinc.org",
      "concept" : [{
        "code" : "LA4720-4",
        "display" : "Not applicable"
      }]
    }]
  }
}