<?xml version="1.0" encoding="UTF-8"?>

<ValueSet xmlns="http://hl7.org/fhir">
  <id value="im-dose-length-units"/>
  <text>
    <status value="generated"/><div xmlns="http://www.w3.org/1999/xhtml"><p class="res-header-id"><b>Generated Narrative: ValueSet im-dose-length-units</b></p><a name="im-dose-length-units"> </a><a name="hcim-dose-length-units"> </a><ul><li>Include these codes as defined in <a href="http://unitsofmeasure.org"><code>http://unitsofmeasure.org</code></a><table class="none"><tr><td style="white-space:nowrap"><b>Code</b></td><td><b>Display</b></td></tr><tr><td>mGy.cm</td><td>mGy.cm</td></tr></table></li></ul></div>
  </text>
  <url value="http://hl7.eu/fhir/imaging-r5/ValueSet/im-dose-length-units"/>
  <version value="0.1.0-ballot"/>
  <name value="ImDoseLengthUnits"/>
  <title value="Dose Length Units"/>
  <status value="draft"/>
  <experimental value="false"/>
  <date value="2025-07-02T12:58:33+00:00"/>
  <publisher value="HL7 Europe"/>
  <contact>
    <name value="HL7 Europe"/>
    <telecom>
      <system value="url"/>
      <value value="http://hl7.eu"/>
    </telecom>
  </contact>
  <description value="Units for Dose Length."/>
  <jurisdiction>
    <coding>
      <system value="http://unstats.un.org/unsd/methods/m49/m49.htm"/>
      <code value="150"/>
      <display value="Europe"/>
    </coding>
  </jurisdiction>
  <copyright value="Used by permission of HL7 Europe, all rights reserved Creative Commons License"/>
  <compose>
    <include>
      <system value="http://unitsofmeasure.org"/>
      <concept>
        <code value="mGy.cm"/>
        <display value="mGy.cm"/>
      </concept>
    </include>
  </compose>
</ValueSet>