"Id","Path","Slice Name","Alias(s)","Label","Min","Max","Must Support?","Is Modifier?","Is Summary?","Type(s)","Short","Definition","Comments","Requirements","Default Value","Meaning When Missing","Fixed Value","Pattern","Example","Minimum Value","Maximum Value","Maximum Length","Binding Strength","Binding Description","Binding Value Set","Code","Slicing Discriminator","Slicing Description","Slicing Ordered","Slicing Rules","Base Path","Base Min","Base Max","Condition(s)","Constraint(s)","Mapping: RIM Mapping"
"EHDSFunctionalStatus","EHDSFunctionalStatus","","","",0,*,"","","","null {[]} {[]}
","Functional status","C.25 - EHDS refined base model for Functional status","","","","","","","","","",,,,,"",,,,"Base",0,*,"","","n/a"
"EHDSFunctionalStatus.identifier","EHDSFunctionalStatus.identifier","","","",0,*,"","","","Identifier {[]} {[]}
","C.25.1 - Identifier","An identifier for this statement.","","","","","","","","","",,,,,"",,,,"EHDSFunctionalStatus.identifier",0,*,"",""
"EHDSFunctionalStatus.description","EHDSFunctionalStatus.description","","","",0,1,"","","","Narrative {[]} {[]}
","C.25.2 - Description","Narrative description of the need for the patient to be continuously assessed by third parties; functional status may influence decisions about how to plan and administer treatments.","","","","","","","","","",,,,,"",,,,"EHDSFunctionalStatus.description",0,1,"",""
"EHDSFunctionalStatus.onsetDate","EHDSFunctionalStatus.onsetDate","","","",0,1,"","","","date {[]} {[]}
","C.25.3 - Onset Date","Onset date of a condition if known.","","","","","","","","","",,,,,"",,,,"EHDSFunctionalStatus.onsetDate",0,1,"",""
"EHDSFunctionalStatus.subject","EHDSFunctionalStatus.subject","","","",1,1,"","","","Reference {[]} {[CanonicalType[https://www.xt-ehr.eu/specifications/fhir/StructureDefinition/EHDSPatient]]}
","C.25.4 - Subject","The patient assessed from the functional view point.","","","","","","","","","",,,,,"",,,,"EHDSFunctionalStatus.subject",1,1,"",""
"EHDSFunctionalStatus.functionalStatusAssessment","EHDSFunctionalStatus.functionalStatusAssessment","","","",0,*,"","","","Base {[]} {[]}
","C.25.5 - Functional status assessment","Functional status assessment of the patient according to a specific assessment scheme.","","","","","","","","","",,,,,"",,,,"EHDSFunctionalStatus.functionalStatusAssessment",0,*,"",""
"EHDSFunctionalStatus.functionalStatusAssessment.description","EHDSFunctionalStatus.functionalStatusAssessment.description","","","",0,1,"","","","Narrative {[]} {[]}
","C.25.5.1 - Description","Description of the functional assessment.","","","","","","","","","",,,,,"",,,,"EHDSFunctionalStatus.functionalStatusAssessment.description",0,1,"",""
"EHDSFunctionalStatus.functionalStatusAssessment.date","EHDSFunctionalStatus.functionalStatusAssessment.date","","","",0,1,"","","","dateTime {[]} {[]}
","C.25.5.2 - Date","Date of the functional assessment","","","","","","","","","",,,,,"",,,,"EHDSFunctionalStatus.functionalStatusAssessment.date",0,1,"",""
"EHDSFunctionalStatus.functionalStatusAssessment.code","EHDSFunctionalStatus.functionalStatusAssessment.code","","","",1,1,"","","","CodeableConcept {[]} {[]}
","C.25.5.3 - Code","Standardized code corresponding to the Functional assessment.","","","","","","","","","",,"preferred","ICF","","",,,,"EHDSFunctionalStatus.functionalStatusAssessment.code",1,1,"",""
"EHDSFunctionalStatus.functionalStatusAssessment.value","EHDSFunctionalStatus.functionalStatusAssessment.value","","","",1,1,"","","","CodeableConcept {[]} {[]}
","C.25.5.4 - Value","Functional assessment result value.","","","","","","","","","",,"preferred","ICF","","",,,,"EHDSFunctionalStatus.functionalStatusAssessment.value",1,1,"",""
