"Id","Path","Slice Name","Alias(s)","Label","Min","Max","Must Support?","Is Modifier?","Is Summary?","Type(s)","Short","Definition","Comments","Requirements","Default Value","Meaning When Missing","Fixed Value","Pattern","Example","Minimum Value","Maximum Value","Maximum Length","Binding Strength","Binding Description","Binding Value Set","Code","Slicing Discriminator","Slicing Description","Slicing Ordered","Slicing Rules","Base Path","Base Min","Base Max","Condition(s)","Constraint(s)","Mapping: RIM Mapping"
"EHDSLaboratoryReport","EHDSLaboratoryReport","","","",0,*,"","","","null {[]} {[]}
","Laboratory report model","A - EHDS refined base model for Laboratory result report","","","","","","","","","",,,,,"",,,,"Base",0,*,"","","n/a"
"EHDSLaboratoryReport.laboratoryReportHeader","EHDSLaboratoryReport.laboratoryReportHeader","","","",1,1,"","","","https://www.xt-ehr.eu/specifications/fhir/StructureDefinition/EHDSLaboratoryReportHeader {[]} {[]}
","A.1 - Laboratory report header","Report header data elements","","","","","","","","","",,,,,"",,,,"EHDSLaboratoryReport.laboratoryReportHeader",1,1,"",""
"EHDSLaboratoryReport.laboratoryReportStructuredBody","EHDSLaboratoryReport.laboratoryReportStructuredBody","","","",1,1,"","","","https://www.xt-ehr.eu/specifications/fhir/StructureDefinition/EHDSLaboratoryReportBody {[]} {[]}
","A.2 - Laboratory Report structured body","Report body data elements","","","","","","","","","",,,,,"",,,,"EHDSLaboratoryReport.laboratoryReportStructuredBody",1,1,"",""
"EHDSLaboratoryReport.presentedForm","EHDSLaboratoryReport.presentedForm","","","",0,*,"","","","https://www.xt-ehr.eu/specifications/fhir/StructureDefinition/EHDSAttachment {[]} {[]}
","A.3 - Attachment","Entire report as issued. Various formats could be provided,  pdf format is recommended.","","","","","","","","","",,,,,"",,,,"EHDSLaboratoryReport.presentedForm",0,*,"",""
"EHDSLaboratoryReport.laboratoryReportAttachments[x]","EHDSLaboratoryReport.laboratoryReportAttachments[x]","","","",0,*,"","","","https://www.xt-ehr.eu/specifications/fhir/StructureDefinition/EHDSAttachment {[]} {[]}
https://www.xt-ehr.eu/specifications/fhir/StructureDefinition/EHDSMedia {[]} {[]}","A.4 - Attachment, Media","Report attachments data elements","","","","","","","","","",,,,,"",,,,"EHDSLaboratoryReport.laboratoryReportAttachments[x]",0,*,"",""
