"Id","Path","Slice Name","Alias(s)","Label","Min","Max","Must Support?","Is Modifier?","Is Summary?","Type(s)","Short","Definition","Comments","Requirements","Default Value","Meaning When Missing","Fixed Value","Pattern","Example","Minimum Value","Maximum Value","Maximum Length","Binding Strength","Binding Description","Binding Value Set","Code","Slicing Discriminator","Slicing Description","Slicing Ordered","Slicing Rules","Base Path","Base Min","Base Max","Condition(s)","Constraint(s)","Mapping: RIM Mapping"
"Extension","Extension","","","",0,*,"","","","null {[]} {[]}
","Set of payloads that are provided by this endpoint","The set of payloads that are provided/available at this endpoint.","","","","","","","","","",,,,,"",,,,"Extension",0,*,"ele-1
","ele-1:All FHIR elements must have a @value or children {hasValue() or (children().count() > id.count())}
ext-1:Must have either extensions or value[x], not both {extension.exists() != value.exists()}"
"Extension.id","Extension.id","","","",0,1,"","","","string {[]} {[]}
","Unique id for inter-element referencing","Unique id for the element within a resource (for internal references). This may be any string value that does not contain spaces.","","","","","","","","","",,,,,"",,,,"Element.id",0,1,"","","n/a"
"Extension.extension","Extension.extension","","","",0,*,"","","","Extension {[]} {[]}
","Extension","An Extension","","","","","","","","","",,,,,"","value:url}
","Extensions are always sliced by (at least) url",,"open","Element.extension",0,*,"","ele-1:All FHIR elements must have a @value or children {hasValue() or (children().count() > id.count())}
ext-1:Must have either extensions or value[x], not both {extension.exists() != value.exists()}"
"Extension.extension:type","Extension.extension","type","","",0,*,"","","","Extension {[]} {[]}
","The type of content that may be used at this endpoint (e.g. XDS Discharge summaries)","The payload type describes the acceptable content that can be communicated on the endpoint.","","","","","","","","","",,,,,"",,,,"Element.extension",0,*,"","ele-1:All FHIR elements must have a @value or children {hasValue() or (children().count() > id.count())}
ext-1:Must have either extensions or value[x], not both {extension.exists() != value.exists()}"
"Extension.extension:type.id","Extension.extension.id","","","",0,1,"","","","string {[]} {[]}
","Unique id for inter-element referencing","Unique id for the element within a resource (for internal references). This may be any string value that does not contain spaces.","","","","","","","","","",,,,,"",,,,"Element.id",0,1,"","","n/a"
"Extension.extension:type.extension","Extension.extension.extension","","extensions
user content","",0,*,"","","","Extension {[]} {[]}
","Additional content defined by implementations","May be used to represent additional information that is not part of the basic definition of the element. To make the use of extensions safe and manageable, there is a strict set of governance  applied to the definition and use of extensions. Though any implementer can define an extension, there is a set of requirements that SHALL be met as part of the definition of the extension.","There can be no stigma associated with the use of extensions by any application, project, or standard - regardless of the institution or jurisdiction that uses or defines the extensions.  The use of extensions is what allows the FHIR specification to retain a core level of simplicity for everyone.","","","","","","","","",,,,,"","value:url}
","Extensions are always sliced by (at least) url",,"open","Element.extension",0,*,"","ele-1:All FHIR elements must have a @value or children {hasValue() or (children().count() > id.count())}
ext-1:Must have either extensions or value[x], not both {extension.exists() != value.exists()}","n/a"
"Extension.extension:type.url","Extension.extension.url","","","",1,1,"","","","uri {[]} {[]}
","identifies the meaning of the extension","Source of the definition for the extension code - a logical name or a URL.","The definition may point directly to a computable or human-readable definition of the extensibility codes, or it may be a logical URI as declared in some other specification. The definition SHALL be a URI for the Structure Definition defining the extension.","","","","","","","","",,,,,"",,,,"Extension.url",1,1,"","","N/A"
"Extension.extension:type.value[x]","Extension.extension.value[x]","","","",0,1,"","","","CodeableConcept {[]} {[]}
","The type of content that may be used at this endpoint (e.g. XDS Discharge summaries)","The payload type describes the acceptable content that can be communicated on the endpoint.","","","","","","","","","",,"example","","http://hl7.org/fhir/ValueSet/endpoint-payload-type","",,,,"Extension.value[x]",0,1,"","ele-1:All FHIR elements must have a @value or children {hasValue() or (children().count() > id.count())}
","N/A"
"Extension.extension:mimeType","Extension.extension","mimeType","","",0,*,"","","","Extension {[]} {[]}
","Mimetype to send. If not specified, the content could be anything (including no payload, if the connectionType defined this)","The mime type to send the payload in - e.g. application/fhir+xml, application/fhir+json. If the mime type is not specified, then the sender could send any content (including no content depending on the connectionType).","","","","","","","","","",,,,,"",,,,"Element.extension",0,*,"","ele-1:All FHIR elements must have a @value or children {hasValue() or (children().count() > id.count())}
ext-1:Must have either extensions or value[x], not both {extension.exists() != value.exists()}"
"Extension.extension:mimeType.id","Extension.extension.id","","","",0,1,"","","","string {[]} {[]}
","Unique id for inter-element referencing","Unique id for the element within a resource (for internal references). This may be any string value that does not contain spaces.","","","","","","","","","",,,,,"",,,,"Element.id",0,1,"","","n/a"
"Extension.extension:mimeType.extension","Extension.extension.extension","","extensions
user content","",0,*,"","","","Extension {[]} {[]}
","Additional content defined by implementations","May be used to represent additional information that is not part of the basic definition of the element. To make the use of extensions safe and manageable, there is a strict set of governance  applied to the definition and use of extensions. Though any implementer can define an extension, there is a set of requirements that SHALL be met as part of the definition of the extension.","There can be no stigma associated with the use of extensions by any application, project, or standard - regardless of the institution or jurisdiction that uses or defines the extensions.  The use of extensions is what allows the FHIR specification to retain a core level of simplicity for everyone.","","","","","","","","",,,,,"","value:url}
","Extensions are always sliced by (at least) url",,"open","Element.extension",0,*,"","ele-1:All FHIR elements must have a @value or children {hasValue() or (children().count() > id.count())}
ext-1:Must have either extensions or value[x], not both {extension.exists() != value.exists()}","n/a"
"Extension.extension:mimeType.url","Extension.extension.url","","","",1,1,"","","","uri {[]} {[]}
","identifies the meaning of the extension","Source of the definition for the extension code - a logical name or a URL.","The definition may point directly to a computable or human-readable definition of the extensibility codes, or it may be a logical URI as declared in some other specification. The definition SHALL be a URI for the Structure Definition defining the extension.","","","","","","","","",,,,,"",,,,"Extension.url",1,1,"","","N/A"
"Extension.extension:mimeType.value[x]","Extension.extension.value[x]","","","",0,1,"","","","code {[]} {[]}
","Mimetype to send. If not specified, the content could be anything (including no payload, if the connectionType defined this)","The mime type to send the payload in - e.g. application/fhir+xml, application/fhir+json. If the mime type is not specified, then the sender could send any content (including no content depending on the connectionType).","","","","","","","","","",,"required","BCP 13 (RFCs 2045, 2046, 2047, 4288, 4289 and 2049)","http://hl7.org/fhir/ValueSet/mimetypes|5.0.0","",,,,"Extension.value[x]",0,1,"","ele-1:All FHIR elements must have a @value or children {hasValue() or (children().count() > id.count())}
","N/A"
"Extension.url","Extension.url","","","",1,1,"","","","uri {[]} {[]}
","identifies the meaning of the extension","Source of the definition for the extension code - a logical name or a URL.","The definition may point directly to a computable or human-readable definition of the extensibility codes, or it may be a logical URI as declared in some other specification. The definition SHALL be a URI for the Structure Definition defining the extension.","","","","<valueUri xmlns=""http://hl7.org/fhir"" value=""http://hl7.org/fhir/5.0/StructureDefinition/extension-Endpoint.payload""/>","","","","",,,,,"",,,,"Extension.url",1,1,"","","N/A"
"Extension.value[x]","Extension.value[x]","","","",0,1,"","","","base64Binary {[]} {[]}
boolean {[]} {[]}canonical {[]} {[]}code {[]} {[]}date {[]} {[]}dateTime {[]} {[]}decimal {[]} {[]}id {[]} {[]}instant {[]} {[]}integer {[]} {[]}markdown {[]} {[]}oid {[]} {[]}positiveInt {[]} {[]}string {[]} {[]}time {[]} {[]}unsignedInt {[]} {[]}uri {[]} {[]}url {[]} {[]}uuid {[]} {[]}Address {[]} {[]}Age {[]} {[]}Annotation {[]} {[]}Attachment {[]} {[]}CodeableConcept {[]} {[]}Coding {[]} {[]}ContactPoint {[]} {[]}Count {[]} {[]}Distance {[]} {[]}Duration {[]} {[]}HumanName {[]} {[]}Identifier {[]} {[]}Money {[]} {[]}Period {[]} {[]}Quantity {[]} {[]}Range {[]} {[]}Ratio {[]} {[]}Reference {[]} {[]}SampledData {[]} {[]}Signature {[]} {[]}Timing {[]} {[]}ContactDetail {[]} {[]}Contributor {[]} {[]}DataRequirement {[]} {[]}Expression {[]} {[]}ParameterDefinition {[]} {[]}RelatedArtifact {[]} {[]}TriggerDefinition {[]} {[]}UsageContext {[]} {[]}Dosage {[]} {[]}Meta {[]} {[]}","Value of extension","Value of extension - must be one of a constrained set of the data types (see [Extensibility](http://hl7.org/fhir/R4/extensibility.html) for a list).","","","","","","","","","",,,,,"",,,,"Extension.value[x]",0,1,"","ele-1:All FHIR elements must have a @value or children {hasValue() or (children().count() > id.count())}
","N/A"
