"Id","Path","Slice Name","Alias(s)","Label","Min","Max","Must Support?","Is Modifier?","Is Summary?","Type(s)","Short","Definition","Comments","Requirements","Default Value","Meaning When Missing","Fixed Value","Pattern","Example","Minimum Value","Maximum Value","Maximum Length","Binding Strength","Binding Description","Binding Value Set","Code","Slicing Discriminator","Slicing Description","Slicing Ordered","Slicing Rules","Base Path","Base Min","Base Max","Condition(s)","Constraint(s)","Mapping: RIM Mapping"
"EHDSHospitalDischargeReport","EHDSHospitalDischargeReport","","","",0,*,"","","","null {[]} {[]}
","Hospital Discharge Report","A - EHDS refined base model for Hospital Discharge Report","","","","","","","","","",,,,,"",,,,"Base",0,*,"",""
"EHDSHospitalDischargeReport.hospitalDischargeReportHeader","EHDSHospitalDischargeReport.hospitalDischargeReportHeader","","","",1,1,"","","","https://www.xt-ehr.eu/specifications/fhir/StructureDefinition/EHDSHospitalDischargeReportHeader {[]} {[]}
","A.1 - Hospital Discharge Report header","Report header data elements","","","","","","","","","",,,,,"",,,,"EHDSHospitalDischargeReport.hospitalDischargeReportHeader",1,1,"",""
"EHDSHospitalDischargeReport.presentedForms","EHDSHospitalDischargeReport.presentedForms","","","",0,*,"","","","https://www.xt-ehr.eu/specifications/fhir/StructureDefinition/EHDSAttachment {[]} {[]}
","A.3 - Attachment","Entire report as issued. Various formats could be provided,  pdf format is recommended.","","","","","","","","","",,,,,"",,,,"EHDSHospitalDischargeReport.presentedForms",0,*,"",""
"EHDSHospitalDischargeReport.hospitalDischargeReportAttachments[x]","EHDSHospitalDischargeReport.hospitalDischargeReportAttachments[x]","","","",0,*,"","","","https://www.xt-ehr.eu/specifications/fhir/StructureDefinition/EHDSAttachment {[]} {[]}
https://www.xt-ehr.eu/specifications/fhir/StructureDefinition/EHDSMedia {[]} {[]}","A.4 - Attachment, Media","Report attachments data elements","","","","","","","","","",,,,,"",,,,"EHDSHospitalDischargeReport.hospitalDischargeReportAttachments[x]",0,*,"",""
