"Id","Path","Slice Name","Alias(s)","Label","Min","Max","Must Support?","Is Modifier?","Is Summary?","Type(s)","Short","Definition","Comments","Requirements","Default Value","Meaning When Missing","Fixed Value","Pattern","Example","Minimum Value","Maximum Value","Maximum Length","Binding Strength","Binding Description","Binding Value Set","Code","Slicing Discriminator","Slicing Description","Slicing Ordered","Slicing Rules","Base Path","Base Min","Base Max","Condition(s)","Constraint(s)","Mapping: RIM Mapping"
"EHDSLaboratoryOrder","EHDSLaboratoryOrder","","","",0,*,"","","","null {[]} {[]}
","Laboratory order","A - EHDS refined base model for Laboratory order","","","","","","","","","",,,,,"",,,,"Base",0,*,"",""
"EHDSLaboratoryOrder.laboratoryOrderHeader","EHDSLaboratoryOrder.laboratoryOrderHeader","","","",1,1,"","","","https://www.xt-ehr.eu/specifications/fhir/StructureDefinition/EHDSLaboratoryOrderHeader {[]} {[]}
","A.1 - Laboratory Order header","Laboratory Order header","","","","","","","","","",,,,,"",,,,"EHDSLaboratoryOrder.laboratoryOrderHeader",1,1,"",""
"EHDSLaboratoryOrder.laboratoryOrderStructuredBody","EHDSLaboratoryOrder.laboratoryOrderStructuredBody","","","",1,1,"","","","https://www.xt-ehr.eu/specifications/fhir/StructureDefinition/EHDSLaboratoryOrderBody {[]} {[]}
","A.2 - Laboratory order structured body","Laboratory order body","","","","","","","","","",,,,,"",,,,"EHDSLaboratoryOrder.laboratoryOrderStructuredBody",1,1,"",""
"EHDSLaboratoryOrder.presentedForms","EHDSLaboratoryOrder.presentedForms","","","",0,*,"","","","https://www.xt-ehr.eu/specifications/fhir/StructureDefinition/EHDSAttachment {[]} {[]}
","A.3 - Attachment","Entire report as issued. Various formats could be provided,  pdf format is recommended.","","","","","","","","","",,,,,"",,,,"EHDSLaboratoryOrder.presentedForms",0,*,"",""
"EHDSLaboratoryOrder.laboratoryOrderAttachments[x]","EHDSLaboratoryOrder.laboratoryOrderAttachments[x]","","","",0,*,"","","","https://www.xt-ehr.eu/specifications/fhir/StructureDefinition/EHDSAttachment {[]} {[]}
https://www.xt-ehr.eu/specifications/fhir/StructureDefinition/EHDSMedia {[]} {[]}","A.4 - Attachment, Media","Document attachments","","","","","","","","","",,,,,"",,,,"EHDSLaboratoryOrder.laboratoryOrderAttachments[x]",0,*,"",""
