"Id","Path","Slice Name","Alias(s)","Label","Min","Max","Must Support?","Is Modifier?","Is Summary?","Type(s)","Short","Definition","Comments","Requirements","Default Value","Meaning When Missing","Fixed Value","Pattern","Example","Minimum Value","Maximum Value","Maximum Length","Binding Strength","Binding Description","Binding Value Set","Code","Slicing Discriminator","Slicing Description","Slicing Ordered","Slicing Rules","Base Path","Base Min","Base Max","Condition(s)","Constraint(s)","Mapping: RIM Mapping"
"EHDSAttachments","EHDSAttachments","","","",0,*,"","","","null {[]} {[]}
","Attachments","D.1 - EHDS refined base model for Document attachments","","","","","","","","","",,,,,"",,,,"Base",0,*,"",""
"EHDSAttachments.presentedForm","EHDSAttachments.presentedForm","","","",0,1,"","","","https://www.xt-ehr.eu/specifications/fhir/StructureDefinition/EHDSAttachment {[]} {[]}
","D.1.1 - Presented form","Entire report as issued  pdf format recommended","","","","","","","","","",,,,,"",,,,"EHDSAttachments.presentedForm",0,1,"",""
"EHDSAttachments.media[x]","EHDSAttachments.media[x]","","","",0,*,"","","","https://www.xt-ehr.eu/specifications/fhir/StructureDefinition/EHDSAttachment {[]} {[]}
https://www.xt-ehr.eu/specifications/fhir/StructureDefinition/EHDSMedia {[]} {[]}","A.1.11 - Media","Media attachments.","","","","","","","","","",,,,,"",,,,"EHDSAttachments.media[x]",0,*,"",""
