{
  "resourceType" : "Basic",
  "id" : "ImReportProvider",
  "text" : {
    "status" : "generated",
    "div" : "<div xmlns=\"http://www.w3.org/1999/xhtml\"><p class=\"res-header-id\"><b>Generated Narrative: ActorDefinition ImReportProvider</b></p><a name=\"ImReportProvider\"> </a><a name=\"hcImReportProvider\"> </a><table class=\"grid\"><tr><td><b>Actor: ImReportProvider </b></td><td>Imaging study report provider</td><td>Type: system </td></tr><tr><td colspan=\"3\"/></tr></table></div>"
  },
  "extension" : [{
    "url" : "http://hl7.org/fhir/5.0/StructureDefinition/extension-ActorDefinition.url",
    "valueUri" : "http://hl7.eu/fhir/imaging-r4/ActorDefinition/ImReportProvider"
  },
  {
    "url" : "http://hl7.org/fhir/5.0/StructureDefinition/extension-ActorDefinition.version",
    "valueString" : "0.1.0-ballot"
  },
  {
    "url" : "http://hl7.org/fhir/5.0/StructureDefinition/extension-ActorDefinition.name",
    "valueString" : "ImReportProvider"
  },
  {
    "url" : "http://hl7.org/fhir/5.0/StructureDefinition/extension-ActorDefinition.title",
    "valueString" : "Imaging study report provider"
  },
  {
    "url" : "http://hl7.org/fhir/5.0/StructureDefinition/extension-ActorDefinition.status",
    "valueCode" : "draft"
  },
  {
    "url" : "http://hl7.org/fhir/5.0/StructureDefinition/extension-ActorDefinition.date",
    "valueDateTime" : "2025-06-16T13:32:42+00:00"
  },
  {
    "url" : "http://hl7.org/fhir/5.0/StructureDefinition/extension-ActorDefinition.publisher",
    "valueString" : "HL7 Europe"
  },
  {
    "url" : "http://hl7.org/fhir/5.0/StructureDefinition/extension-ActorDefinition.contact",
    "valueContactDetail" : {
      "name" : "HL7 Europe",
      "telecom" : [{
        "system" : "url",
        "value" : "http://hl7.eu"
      }]
    }
  },
  {
    "url" : "http://hl7.org/fhir/5.0/StructureDefinition/extension-ActorDefinition.description",
    "valueMarkdown" : "Provides the Imaging study report."
  },
  {
    "url" : "http://hl7.org/fhir/5.0/StructureDefinition/extension-ActorDefinition.jurisdiction",
    "valueCodeableConcept" : {
      "coding" : [{
        "system" : "http://unstats.un.org/unsd/methods/m49/m49.htm",
        "code" : "150",
        "display" : "Europe"
      }]
    }
  },
  {
    "url" : "http://hl7.org/fhir/5.0/StructureDefinition/extension-ActorDefinition.copyright",
    "valueMarkdown" : "Used by permission of HL7 Europe, all rights reserved Creative Commons License"
  },
  {
    "url" : "http://hl7.org/fhir/5.0/StructureDefinition/extension-ActorDefinition.type",
    "valueCode" : "system"
  }],
  "code" : {
    "coding" : [{
      "system" : "http://hl7.org/fhir/fhir-types",
      "code" : "ActorDefinition"
    }]
  }
}