{
  "codeSystems" : [
    {
      "url" : "http://dicom.nema.org/resources/ontology/DCM",
      "version" : "2022.4.20221006",
      "status" : "active",
      "name" : "DICOMTerminologyDefinitions",
      "title" : "DICOM Controlled Terminology Definitions",
      "description" : "DICOM Code Definitions (Coding Scheme Designator \"DCM\" Coding Scheme Version 2022.4.20221006",
      "oids" : ["1.2.840.10008.2.16.4"],
      "uses" : {
      }
    },
    {
      "url" : "http://hl7.eu/fhir/imaging-r4/CodeSystem/Hl7EuDocumentTypes",
      "version" : "0.1.0-ballot",
      "status" : "draft",
      "name" : "Hl7EuDocumentTypes",
      "title" : "HL7 EU Document Types",
      "description" : "Document types (templates) as defined by HL7 EU. It identifies the type and template of the document.",
      "uses" : {
      },
      "ValueSet-ImImagingManifestTypesEuVS.html" : "HL7 EU Imaging Manifest Types",
      "ValueSet-ImImagingReportTypesEuVS.html" : "HL7 EU Imaging Report Types"
    },
    {
      "url" : "http://hl7.eu/fhir/imaging-r4/CodeSystem/codesystem-diagnostic-report-support-info",
      "version" : "0.1.0-ballot",
      "status" : "draft",
      "name" : "DiagnosticReportSupportingInfoCodeSystem",
      "title" : "Diagnostic Report Support Info Code System",
      "description" : "Code system for codes to be used in `DiagnosticReport.supportInfo` for imaging reports.",
      "uses" : {
      },
      "ValueSet-valueset-diagnosticreport-report-support-info.html" : "DiagnosticReport supportInfo codes"
    },
    {
      "url" : "http://hl7.org/fhir/CodeSystem/medication-status",
      "version" : "4.0.1",
      "status" : "draft",
      "name" : "Medication Status Codes",
      "title" : "Medication  status  codes",
      "description" : "Medication Status Codes",
      "oids" : ["2.16.840.1.113883.4.642.4.1380"],
      "uses" : {
      },
      "http://hl7.org/fhir/R4/valueset-medication-status.html" : "Medication  status  codes"
    },
    {
      "url" : "http://hl7.org/fhir/administrative-gender",
      "version" : "4.0.1",
      "status" : "active",
      "name" : "AdministrativeGender",
      "title" : "AdministrativeGender",
      "description" : "The gender of a person used for administrative purposes.",
      "oids" : ["2.16.840.1.113883.4.642.4.2"],
      "uses" : {
      },
      "http://hl7.org/fhir/R4/valueset-administrative-gender.html" : "AdministrativeGender"
    },
    {
      "url" : "http://hl7.org/fhir/adverse-event-actuality",
      "version" : "4.0.1",
      "status" : "draft",
      "name" : "AdverseEventActuality",
      "title" : "AdverseEventActuality",
      "description" : "Overall nature of the adverse event, e.g. real or potential.",
      "oids" : ["2.16.840.1.113883.4.642.4.832"],
      "uses" : {
      },
      "http://hl7.org/fhir/R4/valueset-adverse-event-actuality.html" : "AdverseEventActuality"
    },
    {
      "url" : "http://hl7.org/fhir/allergy-intolerance-category",
      "version" : "4.0.1",
      "status" : "draft",
      "name" : "AllergyIntoleranceCategory",
      "title" : "AllergyIntoleranceCategory",
      "description" : "Category of an identified substance associated with allergies or intolerances.",
      "oids" : ["2.16.840.1.113883.4.642.4.134"],
      "uses" : {
      },
      "http://hl7.org/fhir/R4/valueset-allergy-intolerance-category.html" : "AllergyIntoleranceCategory"
    },
    {
      "url" : "http://hl7.org/fhir/allergy-intolerance-criticality",
      "version" : "4.0.1",
      "status" : "draft",
      "name" : "AllergyIntoleranceCriticality",
      "title" : "AllergyIntoleranceCriticality",
      "description" : "Estimate of the potential clinical harm, or seriousness, of a reaction to an identified substance.",
      "oids" : ["2.16.840.1.113883.4.642.4.130"],
      "uses" : {
      },
      "http://hl7.org/fhir/R4/valueset-allergy-intolerance-criticality.html" : "AllergyIntoleranceCriticality"
    },
    {
      "url" : "http://hl7.org/fhir/allergy-intolerance-type",
      "version" : "4.0.1",
      "status" : "draft",
      "name" : "AllergyIntoleranceType",
      "title" : "AllergyIntoleranceType",
      "description" : "Identification of the underlying physiological mechanism for a Reaction Risk.",
      "oids" : ["2.16.840.1.113883.4.642.4.132"],
      "uses" : {
      },
      "http://hl7.org/fhir/R4/valueset-allergy-intolerance-type.html" : "AllergyIntoleranceType"
    },
    {
      "url" : "http://hl7.org/fhir/bundle-type",
      "version" : "4.0.1",
      "status" : "active",
      "name" : "BundleType",
      "title" : "BundleType",
      "description" : "Indicates the purpose of a bundle - how it is intended to be used.",
      "oids" : ["2.16.840.1.113883.4.642.4.621"],
      "uses" : {
      },
      "http://hl7.org/fhir/R4/valueset-bundle-type.html" : "BundleType"
    },
    {
      "url" : "http://hl7.org/fhir/care-plan-activity-status",
      "version" : "4.0.1",
      "status" : "draft",
      "name" : "CarePlanActivityStatus",
      "title" : "CarePlanActivityStatus",
      "description" : "Codes that reflect the current state of a care plan activity within its overall life cycle.",
      "oids" : ["2.16.840.1.113883.4.642.4.147"],
      "uses" : {
      },
      "http://hl7.org/fhir/R4/valueset-care-plan-activity-status.html" : "CarePlanActivityStatus"
    },
    {
      "url" : "http://hl7.org/fhir/composition-attestation-mode",
      "version" : "4.0.1",
      "status" : "draft",
      "name" : "CompositionAttestationMode",
      "title" : "CompositionAttestationMode",
      "description" : "The way in which a person authenticated a composition.",
      "oids" : ["2.16.840.1.113883.4.642.4.239"],
      "uses" : {
      },
      "http://hl7.org/fhir/R4/valueset-composition-attestation-mode.html" : "CompositionAttestationMode"
    },
    {
      "url" : "http://hl7.org/fhir/composition-status",
      "version" : "4.0.1",
      "status" : "draft",
      "name" : "CompositionStatus",
      "title" : "CompositionStatus",
      "description" : "The workflow/clinical status of the composition.",
      "oids" : ["2.16.840.1.113883.4.642.4.242"],
      "uses" : {
      },
      "http://hl7.org/fhir/R4/valueset-composition-status.html" : "CompositionStatus"
    },
    {
      "url" : "http://hl7.org/fhir/device-nametype",
      "version" : "4.0.1",
      "status" : "draft",
      "name" : "DeviceNameType",
      "title" : "DeviceNameType",
      "description" : "The type of name the device is referred by.",
      "oids" : ["2.16.840.1.113883.4.642.4.1084"],
      "uses" : {
      },
      "http://hl7.org/fhir/R4/valueset-device-nametype.html" : "DeviceNameType"
    },
    {
      "url" : "http://hl7.org/fhir/device-status",
      "version" : "4.0.1",
      "status" : "draft",
      "name" : "FHIRDeviceStatus",
      "title" : "FHIRDeviceStatus",
      "description" : "The availability status of the device.",
      "oids" : ["2.16.840.1.113883.4.642.4.210"],
      "uses" : {
      },
      "http://hl7.org/fhir/R4/valueset-device-status.html" : "FHIRDeviceStatus"
    },
    {
      "url" : "http://hl7.org/fhir/diagnostic-report-status",
      "version" : "4.0.1",
      "status" : "draft",
      "name" : "DiagnosticReportStatus",
      "title" : "DiagnosticReportStatus",
      "description" : "The status of the diagnostic report.",
      "oids" : ["2.16.840.1.113883.4.642.4.236"],
      "uses" : {
      },
      "http://hl7.org/fhir/R4/valueset-diagnostic-report-status.html" : "DiagnosticReportStatus"
    },
    {
      "url" : "http://hl7.org/fhir/document-reference-status",
      "version" : "4.0.1",
      "status" : "draft",
      "name" : "DocumentReferenceStatus",
      "title" : "DocumentReferenceStatus",
      "description" : "The status of the document reference.",
      "oids" : ["2.16.840.1.113883.4.642.4.8"],
      "uses" : {
      },
      "http://hl7.org/fhir/R4/valueset-document-reference-status.html" : "DocumentReferenceStatus"
    },
    {
      "url" : "http://hl7.org/fhir/document-relationship-type",
      "version" : "4.0.1",
      "status" : "draft",
      "name" : "DocumentRelationshipType",
      "title" : "DocumentRelationshipType",
      "description" : "The type of relationship between documents.",
      "oids" : ["2.16.840.1.113883.4.642.4.245"],
      "uses" : {
      },
      "http://hl7.org/fhir/R4/valueset-document-relationship-type.html" : "DocumentRelationshipType"
    },
    {
      "url" : "http://hl7.org/fhir/encounter-location-status",
      "version" : "4.0.1",
      "status" : "draft",
      "name" : "EncounterLocationStatus",
      "title" : "EncounterLocationStatus",
      "description" : "The status of the location.",
      "oids" : ["2.16.840.1.113883.4.642.4.263"],
      "uses" : {
      },
      "http://hl7.org/fhir/R4/valueset-encounter-location-status.html" : "EncounterLocationStatus"
    },
    {
      "url" : "http://hl7.org/fhir/encounter-status",
      "version" : "4.0.1",
      "status" : "draft",
      "name" : "EncounterStatus",
      "title" : "EncounterStatus",
      "description" : "Current state of the encounter.",
      "oids" : ["2.16.840.1.113883.4.642.4.247"],
      "uses" : {
      },
      "http://hl7.org/fhir/R4/valueset-encounter-status.html" : "EncounterStatus"
    },
    {
      "url" : "http://hl7.org/fhir/endpoint-status",
      "version" : "4.0.1",
      "status" : "draft",
      "name" : "EndpointStatus",
      "title" : "EndpointStatus",
      "description" : "The status of the endpoint.",
      "oids" : ["2.16.840.1.113883.4.642.4.495"],
      "uses" : {
      },
      "http://hl7.org/fhir/R4/valueset-endpoint-status.html" : "EndpointStatus"
    },
    {
      "url" : "http://hl7.org/fhir/event-status",
      "version" : "4.0.1",
      "status" : "draft",
      "name" : "EventStatus",
      "title" : "EventStatus",
      "description" : "Codes identifying the lifecycle stage of an event.",
      "oids" : ["2.16.840.1.113883.4.642.4.110"],
      "uses" : {
      },
      "http://hl7.org/fhir/R4/valueset-event-status.html" : "EventStatus"
    },
    {
      "url" : "http://hl7.org/fhir/http-verb",
      "version" : "4.0.1",
      "status" : "active",
      "name" : "HTTPVerb",
      "title" : "HTTPVerb",
      "description" : "HTTP verbs (in the HTTP command line). See [HTTP rfc](https://tools.ietf.org/html/rfc7231) for details.",
      "oids" : ["2.16.840.1.113883.4.642.4.625"],
      "uses" : {
      },
      "http://hl7.org/fhir/R4/valueset-http-verb.html" : "HTTPVerb"
    },
    {
      "url" : "http://hl7.org/fhir/identifier-use",
      "version" : "4.0.1",
      "status" : "active",
      "name" : "IdentifierUse",
      "title" : "IdentifierUse",
      "description" : "Identifies the purpose for this identifier, if known .",
      "oids" : ["2.16.840.1.113883.4.642.4.58"],
      "uses" : {
      },
      "http://hl7.org/fhir/R4/valueset-identifier-use.html" : "IdentifierUse"
    },
    {
      "url" : "http://hl7.org/fhir/imagingstudy-status",
      "version" : "4.0.1",
      "status" : "draft",
      "name" : "ImagingStudyStatus",
      "title" : "ImagingStudyStatus",
      "description" : "The status of the ImagingStudy.",
      "oids" : ["2.16.840.1.113883.4.642.4.991"],
      "uses" : {
      },
      "http://hl7.org/fhir/R4/valueset-imagingstudy-status.html" : "ImagingStudyStatus"
    },
    {
      "url" : "http://hl7.org/fhir/link-type",
      "version" : "4.0.1",
      "status" : "active",
      "name" : "LinkType",
      "title" : "LinkType",
      "description" : "The type of link between this patient resource and another patient resource.",
      "oids" : ["2.16.840.1.113883.4.642.4.424"],
      "uses" : {
      },
      "http://hl7.org/fhir/R4/valueset-link-type.html" : "LinkType"
    },
    {
      "url" : "http://hl7.org/fhir/list-mode",
      "version" : "4.0.1",
      "status" : "draft",
      "name" : "ListMode",
      "title" : "ListMode",
      "description" : "The processing mode that applies to this list.",
      "oids" : ["2.16.840.1.113883.4.642.4.319"],
      "uses" : {
      },
      "http://hl7.org/fhir/R4/valueset-list-mode.html" : "ListMode"
    },
    {
      "url" : "http://hl7.org/fhir/name-use",
      "version" : "4.0.1",
      "status" : "active",
      "name" : "NameUse",
      "title" : "NameUse",
      "description" : "The use of a human name.",
      "oids" : ["2.16.840.1.113883.4.642.4.66"],
      "uses" : {
      },
      "http://hl7.org/fhir/R4/valueset-name-use.html" : "NameUse"
    },
    {
      "url" : "http://hl7.org/fhir/observation-status",
      "version" : "4.0.1",
      "status" : "active",
      "name" : "ObservationStatus",
      "title" : "ObservationStatus",
      "description" : "Codes providing the status of an observation.",
      "oids" : ["2.16.840.1.113883.4.642.4.401"],
      "uses" : {
      },
      "http://hl7.org/fhir/R4/valueset-observation-status.html" : "ObservationStatus"
    },
    {
      "url" : "http://hl7.org/fhir/quantity-comparator",
      "version" : "4.0.1",
      "status" : "active",
      "name" : "QuantityComparator",
      "title" : "QuantityComparator",
      "description" : "How the Quantity should be understood and represented.",
      "oids" : ["2.16.840.1.113883.4.642.4.60"],
      "uses" : {
      },
      "http://hl7.org/fhir/R4/valueset-quantity-comparator.html" : "QuantityComparator"
    },
    {
      "url" : "http://hl7.org/fhir/reaction-event-severity",
      "version" : "4.0.1",
      "status" : "draft",
      "name" : "AllergyIntoleranceSeverity",
      "title" : "AllergyIntoleranceSeverity",
      "description" : "Clinical assessment of the severity of a reaction event as a whole, potentially considering multiple different manifestations.",
      "oids" : ["2.16.840.1.113883.4.642.4.136"],
      "uses" : {
      },
      "http://hl7.org/fhir/R4/valueset-reaction-event-severity.html" : "AllergyIntoleranceSeverity"
    },
    {
      "url" : "http://hl7.org/fhir/request-intent",
      "version" : "4.0.1",
      "status" : "draft",
      "name" : "RequestIntent",
      "title" : "RequestIntent",
      "description" : "Codes indicating the degree of authority/intentionality associated with a request.",
      "oids" : ["2.16.840.1.113883.4.642.4.114"],
      "uses" : {
      },
      "http://hl7.org/fhir/R4/valueset-request-intent.html" : "RequestIntent",
      "http://hl7.org/fhir/R4/valueset-care-plan-intent.html" : "Care Plan Intent"
    },
    {
      "url" : "http://hl7.org/fhir/request-priority",
      "version" : "4.0.1",
      "status" : "draft",
      "name" : "RequestPriority",
      "title" : "RequestPriority",
      "description" : "Identifies the level of importance to be assigned to actioning the request.",
      "oids" : ["2.16.840.1.113883.4.642.4.116"],
      "uses" : {
      },
      "http://hl7.org/fhir/R4/valueset-request-priority.html" : "Request priority"
    },
    {
      "url" : "http://hl7.org/fhir/request-status",
      "version" : "4.0.1",
      "status" : "draft",
      "name" : "RequestStatus",
      "title" : "RequestStatus",
      "description" : "Codes identifying the lifecycle stage of a request.",
      "oids" : ["2.16.840.1.113883.4.642.4.112"],
      "uses" : {
      },
      "http://hl7.org/fhir/R4/valueset-request-status.html" : "RequestStatus"
    },
    {
      "url" : "http://hl7.org/fhir/resource-types",
      "version" : "4.0.1",
      "status" : "active",
      "name" : "ResourceType",
      "title" : "ResourceType",
      "description" : "One of the resource types defined as part of this version of FHIR.",
      "uses" : {
      },
      "http://hl7.org/fhir/R4/valueset-resource-types.html" : "ResourceType",
      "http://hl7.org/fhir/R4/valueset-care-plan-activity-kind.html" : "Care Plan Activity Kind"
    },
    {
      "url" : "http://hl7.org/fhir/search-entry-mode",
      "version" : "4.0.1",
      "status" : "active",
      "name" : "SearchEntryMode",
      "title" : "SearchEntryMode",
      "description" : "Why an entry is in the result set - whether it's included as a match or because of an _include requirement, or to convey information or warning information about the search process.",
      "oids" : ["2.16.840.1.113883.4.642.4.623"],
      "uses" : {
      },
      "http://hl7.org/fhir/R4/valueset-search-entry-mode.html" : "SearchEntryMode"
    },
    {
      "url" : "http://hl7.org/fhir/specimen-status",
      "version" : "4.0.1",
      "status" : "draft",
      "name" : "SpecimenStatus",
      "title" : "SpecimenStatus",
      "description" : "Codes providing the status/availability of a specimen.",
      "oids" : ["2.16.840.1.113883.4.642.4.472"],
      "uses" : {
      },
      "http://hl7.org/fhir/R4/valueset-specimen-status.html" : "SpecimenStatus"
    },
    {
      "url" : "http://hl7.org/fhir/udi-entry-type",
      "version" : "4.0.1",
      "status" : "draft",
      "name" : "UDIEntryType",
      "title" : "UDIEntryType",
      "description" : "Codes to identify how UDI data was entered.",
      "oids" : ["2.16.840.1.113883.4.642.4.212"],
      "uses" : {
      },
      "http://hl7.org/fhir/R4/valueset-udi-entry-type.html" : "UDIEntryType"
    },
    {
      "url" : "http://loinc.org",
      "version" : "3.1.0",
      "status" : "active",
      "name" : "LOINC",
      "title" : "Logical Observation Identifiers, Names and Codes (LOINC)",
      "description" : "LOINC provides a set of universal names and ID codes for identifying laboratory and clinical test results.1,2 LOINC facilitates the exchange and pooling of results, such as blood hemoglobin, serum potassium, or vital signs, for clinical care, outcomes management, and research. LOINC's universal identifiers (names and codes) can be used in the context of order and observation exchanges between information systems that use syntax standards such as HL73, CEN TC251, ISO TC215, ASTM4, and DICOM. Specifically, the identifier can be used as the coded value for an observation in any other standard that uses the observation/observation value paradigm, whether messages, documents, application programming interface (API), etc. For example, LOINC codes are used widely in the OBX segment Observation Identifier field (OBX-3) of an ORU HL7 (HL7 version 2.x or ASTM 1238-9410) message that may be sent between a Clinical Laboratory Information Management Systems (LIMS) and Electronic Health Record Systems (EHR).5, 6 In this way, LOINC codes provide universal identifiers that allow the exchange of clinical data between heterogeneous computing environments.",
      "oids" : ["2.16.840.1.113883.6.1"],
      "uses" : {
      },
      "http://hl7.org/fhir/uv/ips/STU1.1/ValueSet-pregnancy-status-uv-ips.html" : "Pregnancy Status - IPS",
      "http://hl7.org/fhir/R4/valueset-doc-typecodes.html" : "FHIR Document Type Codes",
      "http://hl7.org/fhir/R4/valueset-c80-doc-typecodes.html" : "Document Type Value Set",
      "ValueSet-ImSectionEmptyReason.html" : "Reasons a section in an imaging report is empty.",
      "http://hl7.org/fhir/R4/valueset-doc-section-codes.html" : "Document Section Codes",
      "http://hl7.org/fhir/R4/valueset-report-codes.html" : "LOINC Diagnostic Report Codes",
      "http://hl7.org/fhir/R4/valueset-document-classcodes.html" : "Document Class Value Set",
      "http://hl7.org/fhir/R4/valueset-observation-codes.html" : "LOINC Codes"
    },
    {
      "url" : "http://snomed.info/sct",
      "version" : null,
      "status" : "active",
      "name" : "SNOMED_CT",
      "title" : "SNOMED CT (all versions)",
      "description" : "SNOMED CT is the most comprehensive and precise clinical health terminology product in the world, owned and distributed around the world by The International Health Terminology Standards Development Organisation (IHTSDO).",
      "oids" : ["2.16.840.1.113883.6.96"],
      "uses" : {
      },
      "http://hl7.org/fhir/R4/valueset-observation-methods.html" : "Observation Methods",
      "http://hl7.org/fhir/R4/valueset-servicerequest-orderdetail.html" : "Service Request Order Details Codes",
      "http://hl7.org/fhir/R4/valueset-procedure-category.html" : "Procedure Category Codes (SNOMED CT)",
      "http://hl7.org/fhir/R4/valueset-procedure-not-performed-reason.html" : "Procedure Not Performed Reason (SNOMED-CT)",
      "http://hl7.org/fhir/R4/valueset-allergyintolerance-code.html" : "AllergyIntolerance Substance/Product, Condition and Negation Codes",
      "http://hl7.org/fhir/R4/valueset-performer-role.html" : "Procedure Performer Role Codes",
      "http://hl7.org/fhir/R4/valueset-adverse-event-type.html" : "SNOMED CT Clinical Findings",
      "http://hl7.org/fhir/R4/valueset-care-plan-category.html" : "Care Plan Category",
      "http://hl7.org/fhir/R4/valueset-bodysite-laterality.html" : "Laterality",
      "http://hl7.org/fhir/R4/valueset-body-site.html" : "SNOMED CT Body Structures",
      "ValueSet-im-procedure-type.html" : "Imaging Procedure Type",
      "http://hl7.org/fhir/R4/valueset-clinical-findings.html" : "SNOMED CT Clinical Findings",
      "http://hl7.org/fhir/R4/valueset-medication-form-codes.html" : "SNOMED CT Form Codes",
      "http://hl7.org/fhir/R4/valueset-procedure-code.html" : "Procedure Codes (SNOMED CT)",
      "http://hl7.org/fhir/R4/valueset-servicerequest-category.html" : "Service Request Category Codes",
      "http://hl7.org/fhir/R4/valueset-procedure-followup.html" : "Procedure Follow up Codes (SNOMED CT)",
      "ValueSet-periods-of-life-value-set.html" : "Periods of Life",
      "http://hl7.org/fhir/R4/valueset-condition-code.html" : "Condition/Problem/Diagnosis Codes",
      "http://hl7.org/fhir/R4/valueset-participant-role.html" : "Participant Roles",
      "ValueSet-im-imaging-device-type.html" : "Imaging Device Type",
      "http://hl7.org/fhir/R4/valueset-c80-facilitycodes.html" : "Facility Type Code Value Set",
      "http://hl7.org/fhir/R4/valueset-procedure-reason.html" : "Procedure Reason Codes",
      "http://hl7.org/fhir/R4/valueset-specimen-container-type.html" : "Specimen Container Type",
      "http://hl7.org/fhir/R4/valueset-c80-practice-codes.html" : "Practice Setting Code Value Set",
      "ValueSet-media-view.html" : "Media View types - placeholder for cross-version extension",
      "http://hl7.org/fhir/R4/valueset-condition-severity.html" : "Condition/Diagnosis Severity",
      "http://hl7.org/fhir/R4/valueset-referencerange-appliesto.html" : "Observation Reference Range Applies To Codes",
      "http://hl7.org/fhir/R4/valueset-condition-stage-type.html" : "Condition Stage Type",
      "http://hl7.org/fhir/R4/valueset-medication-codes.html" : "SNOMED CT Medication Codes",
      "http://hl7.org/fhir/R4/valueset-manifestation-or-symptom.html" : "Manifestation and Symptom Codes",
      "http://hl7.org/fhir/R4/valueset-bodystructure-code.html" : "SNOMED CT Morphologic Abnormalities",
      "http://hl7.org/fhir/R4/valueset-device-action.html" : "Procedure Device Action Codes",
      "http://hl7.org/fhir/R4/valueset-substance-code.html" : "Substance Code",
      "http://hl7.org/fhir/R4/valueset-medication-as-needed-reason.html" : "SNOMED CT Medication As Needed Reason Codes",
      "http://hl7.org/fhir/R4/valueset-device-kind.html" : "FHIR Device Types",
      "http://hl7.org/fhir/R4/valueset-route-codes.html" : "SNOMED CT Route Codes",
      "http://hl7.org/fhir/R4/valueset-care-plan-activity-outcome.html" : "Care Plan Activity Outcome",
      "http://hl7.org/fhir/R4/valueset-condition-stage.html" : "Condition Stage",
      "http://hl7.org/fhir/R4/valueset-device-type.html" : "Device Type",
      "http://hl7.org/fhir/R4/valueset-encounter-reason.html" : "Encounter Reason Codes",
      "http://hl7.org/fhir/R4/valueset-procedure-outcome.html" : "Procedure Outcome Codes (SNOMED CT)",
      "http://hl7.org/fhir/R4/valueset-specimen-collection-method.html" : "FHIR Specimen Collection Method",
      "http://hl7.org/fhir/R4/valueset-bodystructure-relative-location.html" : "Bodystructure Location Qualifier"
    },
    {
      "url" : "http://terminology.hl7.org/CodeSystem/admit-source",
      "version" : "1.0.1",
      "status" : "active",
      "name" : "AdmitSource",
      "title" : "Admit source",
      "description" : "This value set defines a set of codes that can be used to indicate from where the patient came in.",
      "oids" : ["2.16.840.1.113883.4.642.1.1092"],
      "uses" : {
      },
      "http://hl7.org/fhir/R4/valueset-encounter-admit-source.html" : "Admit source"
    },
    {
      "url" : "http://terminology.hl7.org/CodeSystem/adverse-event-category",
      "version" : "2.0.0",
      "status" : "active",
      "name" : "AdverseEventCategory",
      "title" : "AdverseEventCategory",
      "description" : "Overall categorization of the event, e.g. product-related or situational.",
      "oids" : ["2.16.840.1.113883.4.642.1.1251"],
      "uses" : {
      },
      "http://hl7.org/fhir/R4/valueset-adverse-event-category.html" : "AdverseEventCategory"
    },
    {
      "url" : "http://terminology.hl7.org/CodeSystem/adverse-event-causality-assess",
      "version" : "1.0.1",
      "status" : "active",
      "name" : "AdverseEventCausalityAssessment",
      "title" : "AdverseEventCausalityAssessment",
      "description" : "Codes for the assessment of whether the entity caused the event.",
      "oids" : ["2.16.840.1.113883.4.642.1.1254"],
      "uses" : {
      },
      "http://hl7.org/fhir/R4/valueset-adverse-event-causality-assess.html" : "AdverseEventCausalityAssessment"
    },
    {
      "url" : "http://terminology.hl7.org/CodeSystem/adverse-event-causality-method",
      "version" : "2.0.0",
      "status" : "active",
      "name" : "AdverseEventCausalityMethod",
      "title" : "AdverseEventCausalityMethod",
      "description" : "This code system contains methods for assessing causality.",
      "oids" : ["2.16.840.1.113883.4.642.1.1255"],
      "uses" : {
      },
      "http://hl7.org/fhir/R4/valueset-adverse-event-causality-method.html" : "AdverseEventCausalityMethod"
    },
    {
      "url" : "http://terminology.hl7.org/CodeSystem/adverse-event-outcome",
      "version" : "4.0.1",
      "status" : "draft",
      "name" : "AdverseEventOutcome",
      "title" : "AdverseEventOutcome",
      "description" : "TODO (and should this be required?).",
      "oids" : ["2.16.840.1.113883.4.642.4.1252"],
      "uses" : {
      },
      "http://hl7.org/fhir/R4/valueset-adverse-event-outcome.html" : "AdverseEventOutcome"
    },
    {
      "url" : "http://terminology.hl7.org/CodeSystem/adverse-event-seriousness",
      "version" : "1.0.1",
      "status" : "active",
      "name" : "AdverseEventSeriousness",
      "title" : "AdverseEventSeriousness",
      "description" : "Overall seriousness of this event for the patient.",
      "oids" : ["2.16.840.1.113883.4.642.1.1253"],
      "uses" : {
      },
      "http://hl7.org/fhir/R4/valueset-adverse-event-seriousness.html" : "AdverseEventSeriousness"
    },
    {
      "url" : "http://terminology.hl7.org/CodeSystem/adverse-event-severity",
      "version" : "1.0.0",
      "status" : "draft",
      "name" : "AdverseEventSeverity",
      "title" : "AdverseEventSeverity",
      "description" : "The severity of the adverse event itself, in direct relation to the subject.",
      "oids" : ["2.16.840.1.113883.4.642.1.1256"],
      "uses" : {
      },
      "http://hl7.org/fhir/R4/valueset-adverse-event-severity.html" : "AdverseEventSeverity"
    },
    {
      "url" : "http://terminology.hl7.org/CodeSystem/allergyintolerance-clinical",
      "version" : "1.0.1",
      "status" : "active",
      "name" : "AllergyIntoleranceClinicalStatusCodes",
      "title" : "AllergyIntolerance Clinical Status Codes",
      "description" : "Preferred value set for AllergyIntolerance Clinical Status.",
      "oids" : ["2.16.840.1.113883.4.642.1.1373"],
      "uses" : {
      },
      "http://hl7.org/fhir/R4/valueset-allergyintolerance-clinical.html" : "AllergyIntolerance Clinical Status Codes"
    },
    {
      "url" : "http://terminology.hl7.org/CodeSystem/allergyintolerance-verification",
      "version" : "1.0.1",
      "status" : "active",
      "name" : "AllergyIntoleranceVerificationStatus",
      "title" : "AllergyIntolerance Verification Status",
      "description" : "The verification status to support or decline the clinical status of the allergy or intolerance.",
      "oids" : ["2.16.840.1.113883.4.642.1.1371"],
      "uses" : {
      },
      "http://hl7.org/fhir/R4/valueset-allergyintolerance-verification.html" : "AllergyIntolerance Verification Status Codes"
    },
    {
      "url" : "http://terminology.hl7.org/CodeSystem/basic-resource-type",
      "version" : "1.0.1",
      "status" : "active",
      "name" : "BasicResourceTypes",
      "title" : "Basic Resource Types",
      "description" : "This value set defines codes for resources not yet supported by (or which will never be supported by) FHIR.  Many of the codes listed here will eventually be turned into official resources.  However, there is no guarantee that any particular resource will be created nor that the scope will be exactly as defined by the codes presented here.  Codes in this set will be deprecated if/when formal resources are defined that encompass these concepts.",
      "oids" : ["2.16.840.1.113883.4.642.1.1072"],
      "uses" : {
      },
      "http://hl7.org/fhir/R4/valueset-basic-resource-type.html" : "Basic Resource Types"
    },
    {
      "url" : "http://terminology.hl7.org/CodeSystem/condition-category",
      "version" : "1.0.1",
      "status" : "active",
      "name" : "ConditionCategoryCodes",
      "title" : "Condition Category Codes",
      "description" : "Preferred value set for Condition Categories.",
      "oids" : ["2.16.840.1.113883.4.642.1.1073"],
      "uses" : {
      },
      "http://hl7.org/fhir/R4/valueset-condition-category.html" : "Condition Category Codes"
    },
    {
      "url" : "http://terminology.hl7.org/CodeSystem/condition-clinical",
      "version" : "3.0.0",
      "status" : "active",
      "name" : "ConditionClinicalStatusCodes",
      "title" : "Condition Clinical Status Codes",
      "description" : "Preferred value set for Condition Clinical Status.",
      "oids" : ["2.16.840.1.113883.4.642.1.1074"],
      "uses" : {
      },
      "http://hl7.org/fhir/R4/valueset-condition-clinical.html" : "Condition Clinical Status Codes"
    },
    {
      "url" : "http://terminology.hl7.org/CodeSystem/condition-ver-status",
      "version" : "2.0.1",
      "status" : "active",
      "name" : "ConditionVerificationStatus",
      "title" : "ConditionVerificationStatus",
      "description" : "The verification status to support or decline the clinical status of the condition or diagnosis.",
      "oids" : ["2.16.840.1.113883.4.642.1.1075"],
      "uses" : {
      },
      "http://hl7.org/fhir/R4/valueset-condition-ver-status.html" : "ConditionVerificationStatus"
    },
    {
      "url" : "http://terminology.hl7.org/CodeSystem/data-absent-reason",
      "version" : "1.0.0",
      "status" : "active",
      "name" : "DataAbsentReason",
      "title" : "DataAbsentReason",
      "description" : "Used to specify why the normally expected content of the data element is missing.",
      "oids" : ["2.16.840.1.113883.4.642.4.1048"],
      "uses" : {
      },
      "http://hl7.org/fhir/R4/valueset-data-absent-reason.html" : "DataAbsentReason"
    },
    {
      "url" : "http://terminology.hl7.org/CodeSystem/device-status-reason",
      "version" : "1.0.0",
      "status" : "draft",
      "name" : "FHIRDeviceStatusReason",
      "title" : "FHIRDeviceStatusReason",
      "description" : "The availability status reason of the device.",
      "oids" : ["2.16.840.1.113883.4.642.1.1082"],
      "uses" : {
      },
      "http://hl7.org/fhir/R4/valueset-device-status-reason.html" : "FHIRDeviceStatusReason"
    },
    {
      "url" : "http://terminology.hl7.org/CodeSystem/diagnosis-role",
      "version" : "1.1.1",
      "status" : "active",
      "name" : "DiagnosisRole",
      "title" : "Diagnosis Role",
      "description" : "This value set defines a set of codes that can be used to express the role of a diagnosis on the Encounter or EpisodeOfCare record.",
      "oids" : ["2.16.840.1.113883.4.642.1.1054"],
      "uses" : {
      },
      "http://hl7.org/fhir/R4/valueset-diagnosis-role.html" : "DiagnosisRole"
    },
    {
      "url" : "http://terminology.hl7.org/CodeSystem/diet",
      "version" : "1.0.1",
      "status" : "active",
      "name" : "Diet",
      "title" : "Diet",
      "description" : "This value set defines a set of codes that can be used to indicate dietary preferences or restrictions a patient may have.",
      "oids" : ["2.16.840.1.113883.4.642.1.1091"],
      "uses" : {
      },
      "http://hl7.org/fhir/R4/valueset-encounter-diet.html" : "Diet"
    },
    {
      "url" : "http://terminology.hl7.org/CodeSystem/discharge-disposition",
      "version" : "1.0.1",
      "status" : "active",
      "name" : "DischargeDisposition",
      "title" : "Discharge disposition",
      "description" : "This value set defines a set of codes that can be used to where the patient left the hospital.",
      "oids" : ["2.16.840.1.113883.4.642.1.1093"],
      "uses" : {
      },
      "http://hl7.org/fhir/R4/valueset-encounter-discharge-disposition.html" : "Discharge disposition"
    },
    {
      "url" : "http://terminology.hl7.org/CodeSystem/encounter-special-arrangements",
      "version" : "1.0.1",
      "status" : "active",
      "name" : "SpecialArrangements",
      "title" : "Special arrangements",
      "description" : "This value set defines a set of codes that can be used to indicate the kinds of special arrangements in place for a patients visit.",
      "oids" : ["2.16.840.1.113883.4.642.1.1090"],
      "uses" : {
      },
      "http://hl7.org/fhir/R4/valueset-encounter-special-arrangements.html" : "Special arrangements"
    },
    {
      "url" : "http://terminology.hl7.org/CodeSystem/endpoint-connection-type",
      "version" : "2.1.1",
      "status" : "active",
      "name" : "EndpointConnectionType",
      "title" : "Endpoint Connection Type",
      "description" : "This is an example value set defined by the FHIR project, that could be used to represent possible connection type profile values.",
      "oids" : ["2.16.840.1.113883.4.642.1.1140"],
      "uses" : {
      },
      "http://hl7.org/fhir/R4/valueset-endpoint-connection-type.html" : "Endpoint Connection Type"
    },
    {
      "url" : "http://terminology.hl7.org/CodeSystem/endpoint-payload-type",
      "version" : "2.0.1",
      "status" : "active",
      "name" : "EndpointPayloadType",
      "title" : "Endpoint Payload Type",
      "description" : "This is an example value set defined by the FHIR project, that could be used to represent possible payload document types.",
      "oids" : ["2.16.840.1.113883.4.642.1.1139"],
      "uses" : {
      },
      "http://hl7.org/fhir/R4/valueset-endpoint-payload-type.html" : "Endpoint Payload Type"
    },
    {
      "url" : "http://terminology.hl7.org/CodeSystem/list-empty-reason",
      "version" : "1.0.1",
      "status" : "active",
      "name" : "ListEmptyReasons",
      "title" : "List Empty Reasons",
      "description" : "General reasons for a list to be empty. Reasons are either related to a summary list (i.e. problem or medication list) or to a workflow related list (i.e. consultation list).",
      "oids" : ["2.16.840.1.113883.4.642.1.1106"],
      "uses" : {
      },
      "http://hl7.org/fhir/R4/valueset-list-empty-reason.html" : "List Empty Reasons",
      "ValueSet-ImSectionEmptyReason.html" : "Reasons a section in an imaging report is empty."
    },
    {
      "url" : "http://terminology.hl7.org/CodeSystem/list-order",
      "version" : "1.0.1",
      "status" : "active",
      "name" : "ListOrderCodes",
      "title" : "List Order Codes",
      "description" : "Base values for the order of the items in a list resource.",
      "oids" : ["2.16.840.1.113883.4.642.1.1107"],
      "uses" : {
      },
      "http://hl7.org/fhir/R4/valueset-list-order.html" : "List Order Codes"
    },
    {
      "url" : "http://terminology.hl7.org/CodeSystem/location-physical-type",
      "version" : "2.0.1",
      "status" : "active",
      "name" : "LocationType",
      "title" : "Location type",
      "description" : "This example value set defines a set of codes that can be used to indicate the physical form of the Location.\r\rThis includes several 'non physical' codes which are still considered a location.",
      "oids" : ["2.16.840.1.113883.4.642.1.1108"],
      "uses" : {
      },
      "http://hl7.org/fhir/R4/valueset-location-physical-type.html" : "Location type"
    },
    {
      "url" : "http://terminology.hl7.org/CodeSystem/observation-category",
      "version" : "1.0.1",
      "status" : "active",
      "name" : "ObservationCategoryCodes",
      "title" : "Observation Category Codes",
      "description" : "Observation Category codes.",
      "oids" : ["2.16.840.1.113883.4.642.1.1125"],
      "uses" : {
      },
      "http://hl7.org/fhir/R4/valueset-observation-category.html" : "Observation Category Codes"
    },
    {
      "url" : "http://terminology.hl7.org/CodeSystem/participant-type",
      "version" : "1.0.1",
      "status" : "active",
      "name" : "ParticipantType",
      "title" : "Participant type",
      "description" : "This value set defines a set of codes that can be used to indicate how an individual participates in an encounter.",
      "oids" : ["2.16.840.1.113883.4.642.1.1089"],
      "uses" : {
      },
      "http://hl7.org/fhir/R4/valueset-encounter-participant-type.html" : "Participant type"
    },
    {
      "url" : "http://terminology.hl7.org/CodeSystem/referencerange-meaning",
      "version" : "1.0.1",
      "status" : "active",
      "name" : "ObservationReferenceRangeMeaningCodes",
      "title" : "Observation Reference Range Meaning Codes",
      "description" : "This value set defines a set of codes that can be used to indicate the meaning/use of a reference range for a particular target population.",
      "oids" : ["2.16.840.1.113883.4.642.1.1124"],
      "uses" : {
      },
      "http://hl7.org/fhir/R4/valueset-referencerange-meaning.html" : "Observation Reference Range Meaning Codes"
    },
    {
      "url" : "http://terminology.hl7.org/CodeSystem/service-type",
      "version" : "1.1.1",
      "status" : "active",
      "name" : "ServiceType",
      "title" : "Service type",
      "description" : "This value set defines an example set of codes of service-types.",
      "oids" : ["2.16.840.1.113883.4.642.1.1145"],
      "uses" : {
      },
      "http://hl7.org/fhir/R4/valueset-service-type.html" : "Service type"
    },
    {
      "url" : "http://terminology.hl7.org/CodeSystem/v2-0074",
      "version" : "2.5.0",
      "status" : "active",
      "name" : "DiagnosticServiceSectionId",
      "title" : "diagnosticServiceSectionId",
      "description" : "HL7-defined code system of concepts which specify a section of a diagnostic service where the observation may be performed.  Used in HL7 Version 2.x messaging in the OBR and OM4 segments.",
      "oids" : ["2.16.840.1.113883.18.29"],
      "uses" : {
      },
      "http://hl7.org/fhir/R4/valueset-diagnostic-service-sections.html" : "Diagnostic Service Section Codes"
    },
    {
      "url" : "http://terminology.hl7.org/CodeSystem/v2-0092",
      "version" : "2.1.0",
      "status" : "active",
      "name" : "ReAdmissionIndicator",
      "title" : "re-admissionIndicator",
      "description" : "Code system of concepts which are used to specify that a patient is being re admitted to a healthcare facilityin from which they were discharged, and indicates the circumstances around such re-admission.  Used in HL7 Version 2.x messagine in the PV1 segment.",
      "oids" : ["2.16.840.1.113883.18.36"],
      "uses" : {
      },
      "http://terminology.hl7.org/6.2.0/ValueSet-v2-0092.html" : "hl7VS-re-admissionIndicator"
    },
    {
      "url" : "http://terminology.hl7.org/CodeSystem/v2-0131",
      "version" : "2.1.0",
      "status" : "active",
      "name" : "ContactRole2",
      "title" : "contactRole2",
      "description" : "Code system of concepts which specify a relationship role that the next of kin/associated parties plays with regard to the patient. Also used in referrals, for example, it may be necessary to identify the contact representative at the clinic that sent a referral. Used in HL7 Version 2 messaging in the NK1 and CTD segments after 2.5, when it replace 2.16.840.1.113883.18.57.",
      "oids" : ["2.16.840.1.113883.18.58"],
      "uses" : {
      },
      "http://hl7.org/fhir/R4/valueset-patient-contactrelationship.html" : "Patient Contact Relationship ",
      "http://hl7.org/fhir/R4/valueset-relatedperson-relationshiptype.html" : "Patient relationship type"
    },
    {
      "url" : "http://terminology.hl7.org/CodeSystem/v2-0203",
      "version" : "4.0.0",
      "status" : "active",
      "name" : "IdentifierType",
      "title" : "identifierType",
      "description" : "HL7-defined code system of concepts specifying type of identifier. Used in HL7 Version 2.x messaging data types CX, PLN, PPN, XCN and XON.",
      "oids" : ["2.16.840.1.113883.18.108"],
      "uses" : {
      },
      "http://hl7.org/fhir/R4/valueset-identifier-type.html" : "IdentifierType"
    },
    {
      "url" : "http://terminology.hl7.org/CodeSystem/v2-0371",
      "version" : "2.1.0",
      "status" : "active",
      "name" : "AdditivePreservative",
      "title" : "additivePreservative",
      "description" : "HL7-defined code system of concepts specifying any additive introduced to the specimen before or at the time of collection.  These additives may be introduced in order to preserve, maintain or enhance the particular nature or component of the specimen.  Used in HL7 Version 2.x messaging in the SPM and SAC segments.",
      "oids" : ["2.16.840.1.113883.18.229"],
      "uses" : {
      },
      "http://terminology.hl7.org/6.2.0/ValueSet-v2-0371.html" : "hl7VS-additivePreservative"
    },
    {
      "url" : "http://terminology.hl7.org/CodeSystem/v2-0373",
      "version" : "2.1.0",
      "status" : "active",
      "name" : "Treatment",
      "title" : "treatment",
      "description" : "Code system of concepts that identify the specimen treatment performed during lab processing.  Used in the Interaction Specimen Container Detail (SAC) segment in HL7 Version 2.x messaging.",
      "oids" : ["2.16.840.1.113883.18.231"],
      "uses" : {
      },
      "http://hl7.org/fhir/R4/valueset-specimen-processing-procedure.html" : "Specimen processing procedure"
    },
    {
      "url" : "http://terminology.hl7.org/CodeSystem/v2-0487",
      "version" : "2.3.0",
      "status" : "active",
      "name" : "SpecimenType",
      "title" : "specimenType",
      "description" : "HL7-defined code system of concepts that describe the precise nature of an entity that may be used as the source material for an observation.  This is one of two code systems that are used instead of table 0070 (code system 2.16.840.1.113883.18.28) which conflated specimen types and specimen collection methods.   Used in HL7 Version 2.x messaging in the SPM segment.",
      "oids" : ["2.16.840.1.113883.18.311"],
      "uses" : {
      },
      "http://terminology.hl7.org/6.2.0/ValueSet-v2-0487.html" : "hl7VS-specimenType"
    },
    {
      "url" : "http://terminology.hl7.org/CodeSystem/v2-0493",
      "version" : "2.2.0",
      "status" : "active",
      "name" : "SpecimenCondition",
      "title" : "specimenCondition",
      "description" : "Code system of concepts specifying a mode or state of being that describes the nature of the specimen.  Used in HL7 Version 2.x messaging in the SPM segment.",
      "oids" : ["2.16.840.1.113883.18.317"],
      "uses" : {
      },
      "http://terminology.hl7.org/6.2.0/ValueSet-v2-0493.html" : "hl7VS-specimenCondition"
    },
    {
      "url" : "http://terminology.hl7.org/CodeSystem/v2-0916",
      "version" : "2.2.0",
      "status" : "active",
      "name" : "RelevantClincialInformation",
      "title" : "relevantClincialInformation",
      "description" : "Code system of concepts specifying additional clinical information about the patient or specimen to report the supporting and/or suspected diagnosis and clinical findings on requests for interpreted diagnostic studies. Used in HL7 Version 2.x messaging in the OBR segment.",
      "oids" : ["2.16.840.1.113883.18.422"],
      "uses" : {
      },
      "http://terminology.hl7.org/6.2.0/ValueSet-v2-0916.html" : "hl7VS-relevantClincialInformation"
    },
    {
      "url" : "http://terminology.hl7.org/CodeSystem/v2-0936",
      "version" : "2.1.0",
      "status" : "active",
      "name" : "ObservationType",
      "title" : "observationType",
      "description" : "HL7-defined code system of concepts specifying types of observations to enable systems to distinguish between observations sent along with an order, versus observations sent as the result to an order. Used in HL7 Version 2.x messaging in the OBX segment.",
      "oids" : ["2.16.840.1.113883.18.439"],
      "uses" : {
      },
      "http://terminology.hl7.org/6.2.0/ValueSet-v2-0936.html" : "hl7VS-VS-observationType"
    },
    {
      "url" : "http://terminology.hl7.org/CodeSystem/v3-ActCode",
      "version" : "9.0.0",
      "status" : "active",
      "name" : "ActCode",
      "title" : "ActCode",
      "description" : "A code specifying the particular kind of Act that the Act-instance represents within its class.\r\n\r\n*Constraints:* The kind of Act (e.g. physical examination, serum potassium, inpatient encounter, charge financial transaction, etc.) is specified with a code from one of several, typically external, coding systems. The coding system will depend on the class of Act, such as LOINC for observations, etc.\r\n\r\nConceptually, the Act.code must be a specialization of the Act.classCode. This is why the structure of ActClass domain should be reflected in the superstructure of the ActCode domain and then individual codes or externally referenced vocabularies subordinated under these domains that reflect the ActClass structure.\r\n\r\nAct.classCode and Act.code are not modifiers of each other but the Act.code concept should really imply the Act.classCode concept. For a negative example, it is not appropriate to use an Act.code \"potassium\" together with and Act.classCode for \"laboratory observation\" to somehow mean \"potassium laboratory observation\" and then use the same Act.code for \"potassium\" together with Act.classCode for \"medication\" to mean \"substitution of potassium\". This mutually modifying use of Act.code and Act.classCode is not permitted.",
      "oids" : ["2.16.840.1.113883.5.4"],
      "uses" : {
      },
      "http://terminology.hl7.org/6.2.0/ValueSet-v3-ActEncounterCode.html" : "ActEncounterCode",
      "http://terminology.hl7.org/6.2.0/ValueSet-v3-ActCode.html" : "v3 Code System ActCode"
    },
    {
      "url" : "http://terminology.hl7.org/CodeSystem/v3-ActPriority",
      "version" : "3.0.0",
      "status" : "active",
      "name" : "ActPriority",
      "title" : "ActPriority",
      "description" : "A set of codes (e.g., for routine, emergency), specifying the urgency under which the Act happened, can happen, is happening, is intended to happen, or is requested/demanded to happen.",
      "oids" : ["2.16.840.1.113883.5.7"],
      "uses" : {
      },
      "http://terminology.hl7.org/6.2.0/ValueSet-v3-xEncounterAdmissionUrgency.html" : "x_EncounterAdmissionUrgency"
    },
    {
      "url" : "http://terminology.hl7.org/CodeSystem/v3-Confidentiality",
      "version" : "3.0.0",
      "status" : "active",
      "name" : "Confidentiality",
      "title" : "Confidentiality",
      "description" : "A set of codes specifying the security classification of acts and roles in accordance with the definition for concept domain \"Confidentiality\".",
      "oids" : ["2.16.840.1.113883.5.25"],
      "uses" : {
      },
      "http://hl7.org/fhir/R4/v3/ConfidentialityClassification/vs.html" : "V3 Value SetConfidentialityClassification"
    },
    {
      "url" : "http://terminology.hl7.org/CodeSystem/v3-EncounterSpecialCourtesy",
      "version" : "3.0.0",
      "status" : "active",
      "name" : "EncounterSpecialCourtesy",
      "title" : "EncounterSpecialCourtesy",
      "description" : "**** MISSING DESCRIPTION ****",
      "oids" : ["2.16.840.1.113883.5.40"],
      "uses" : {
      },
      "http://hl7.org/fhir/R4/valueset-encounter-special-courtesy.html" : "Special courtesy"
    },
    {
      "url" : "http://terminology.hl7.org/CodeSystem/v3-HL7DocumentFormatCodes",
      "version" : "4.1.0",
      "status" : "active",
      "name" : "HL7DocumentFormatCodes",
      "title" : "HL7 Document Format Codes",
      "description" : "This codeSystem contains codes which specify the technical format of a document. Each code provides sufficient information to allow any potential document consumer to know if it will be able to process the document. The codes are sufficiently specific to ensure processing/display by identifying a document encoding, structure and template. For example, formatCodes can be used in the FHIR DocumentReference resource to characterize the document being referenced.",
      "oids" : ["2.16.840.1.113883.4.642.1.1407"],
      "uses" : {
      },
      "http://terminology.hl7.org/6.2.0/ValueSet-v3-HL7FormatCodes.html" : "HL7 ValueSet of Format Codes for use with Document Sharing"
    },
    {
      "url" : "http://terminology.hl7.org/CodeSystem/v3-MaritalStatus",
      "version" : "3.0.0",
      "status" : "active",
      "name" : "MaritalStatus",
      "title" : "MaritalStatus",
      "description" : "\\* \\* \\* No description supplied \\* \\* \\*\r\n\r\n*Open Issue:* The specific meanings of these codes can vary somewhat by jurisdiction and implementation so caution should be used when determining equivalency.\r\n\r\n*Open Issue:* fixing and completion of the hierarchy and proper good definitions of all the concepts is badly needed.",
      "oids" : ["2.16.840.1.113883.5.2"],
      "uses" : {
      },
      "http://hl7.org/fhir/R4/valueset-marital-status.html" : "MaritalStatus"
    },
    {
      "url" : "http://terminology.hl7.org/CodeSystem/v3-NullFlavor",
      "version" : "3.0.0",
      "status" : "active",
      "name" : "NullFlavor",
      "title" : "NullFlavor",
      "description" : "A collection of codes specifying why a valid value is not present.",
      "oids" : ["2.16.840.1.113883.5.1008"],
      "uses" : {
      },
      "http://hl7.org/fhir/R4/valueset-marital-status.html" : "MaritalStatus",
      "http://hl7.org/fhir/R4/valueset-encounter-special-courtesy.html" : "Special courtesy"
    },
    {
      "url" : "http://terminology.hl7.org/CodeSystem/v3-ObservationInterpretation",
      "version" : "3.0.0",
      "status" : "active",
      "name" : "ObservationInterpretation",
      "title" : "ObservationInterpretation",
      "description" : "One or more codes providing a rough qualitative interpretation of the observation, such as \"normal\" / \"abnormal\", \"low\" / \"high\", \"better\" / \"worse\", \"resistant\" / \"susceptible\", \"expected\" / \"not expected\". The value set is intended to be for ANY use where coded representation of an interpretation is needed.",
      "oids" : ["2.16.840.1.113883.5.83"],
      "uses" : {
      },
      "http://hl7.org/fhir/R4/valueset-observation-interpretation.html" : "Observation Interpretation Codes"
    },
    {
      "url" : "http://terminology.hl7.org/CodeSystem/v3-ParticipationType",
      "version" : "5.0.0",
      "status" : "active",
      "name" : "ParticipationType",
      "title" : "ParticipationType",
      "description" : "A code specifying the meaning and purpose of every Participation instance. Each of its values implies specific constraints on the Roles undertaking the participation.",
      "oids" : ["2.16.840.1.113883.5.90"],
      "uses" : {
      },
      "http://hl7.org/fhir/R4/valueset-series-performer-function.html" : "ImagingStudy series performer function",
      "ValueSet-im-imaging-study-performer-type.html" : "Imaging Study Performer Type Value Set",
      "http://hl7.org/fhir/R4/valueset-encounter-participant-type.html" : "Participant type"
    },
    {
      "url" : "http://terminology.hl7.org/CodeSystem/v3-RoleCode",
      "version" : "3.0.0",
      "status" : "active",
      "name" : "RoleCode",
      "title" : "RoleCode",
      "description" : "A set of codes further specifying the kind of Role; specific classification codes for further qualifying RoleClass codes.",
      "oids" : ["2.16.840.1.113883.5.111"],
      "uses" : {
      },
      "http://hl7.org/fhir/R4/valueset-relatedperson-relationshiptype.html" : "Patient relationship type",
      "http://terminology.hl7.org/6.2.0/ValueSet-v3-ServiceDeliveryLocationRoleType.html" : "ServiceDeliveryLocationRoleType"
    },
    {
      "url" : "http://unitsofmeasure.org",
      "version" : "3.0.1",
      "status" : "active",
      "name" : "UCUM",
      "title" : "Unified Code for Units of Measure (UCUM)",
      "description" : "The Unified Code for Units of Measure (UCUM) is a code system intended to include all units of measures being contemporarily used in international science, engineering, and business. The purpose is to facilitate unambiguous electronic communication of quantities together with their units. The focus is on electronic communication, as opposed to communication between humans. A typical application of The Unified Code for Units of Measure are electronic data interchange (EDI) protocols, but there is nothing that prevents it from being used in other types of machine communication.",
      "oids" : ["2.16.840.1.113883.6.8"],
      "uses" : {
      },
      "http://hl7.org/fhir/R4/valueset-age-units.html" : "Common UCUM Codes for Age",
      "ValueSet-im-effective-dose-units.html" : "Effective Dose Units",
      "ValueSet-im-dose-length-units.html" : "Dose Length Units",
      "ValueSet-im-gray-square-units.html" : "Gray Square Units"
    },
    {
      "url" : "urn:ietf:bcp:47",
      "version" : "2.0.1",
      "status" : "active",
      "name" : "Ietf3066",
      "title" : "Tags for the Identification of Languages",
      "description" : "Older value from OID registry.  Superceded; see recommendations in BCP-47.",
      "oids" : ["2.16.840.1.113883.6.121"],
      "uses" : {
      },
      "http://hl7.org/fhir/R4/valueset-languages.html" : "Common Languages"
    }
  ]
}
