{
  "resourceType" : "CodeSystem",
  "id" : "codesystem-diagnostic-report-support-info",
  "text" : {
    "status" : "generated",
    "div" : "<div xmlns=\"http://www.w3.org/1999/xhtml\"><p class=\"res-header-id\"><b>Generated Narrative: CodeSystem codesystem-diagnostic-report-support-info</b></p><a name=\"codesystem-diagnostic-report-support-info\"> </a><a name=\"hccodesystem-diagnostic-report-support-info\"> </a><p>This case-sensitive code system <code>http://hl7.eu/fhir/imaging-r4/CodeSystem/codesystem-diagnostic-report-support-info</code> defines the following code in a Is-A hierarchy:</p><table class=\"codes\"><tr><td style=\"white-space:nowrap\"><b>Code</b></td><td><b>Display</b></td><td><b>Definition</b></td></tr><tr><td style=\"white-space:nowrap\">imaging-procedure<a name=\"codesystem-diagnostic-report-support-info-imaging-procedure\"> </a></td><td>Imaging Procedure</td><td>The procedure in which the imaging study was performed supportInfo codesCodes to be used in `DiagnosticReport.supportInfo` for imaging reports.</td></tr></table></div>"
  },
  "url" : "http://hl7.eu/fhir/imaging-r4/CodeSystem/codesystem-diagnostic-report-support-info",
  "version" : "0.1.0-ballot",
  "name" : "DiagnosticReportSupportingInfoCodeSystem",
  "title" : "Diagnostic Report Support Info Code System",
  "status" : "draft",
  "experimental" : false,
  "date" : "2025-06-16T13:32:42+00:00",
  "publisher" : "HL7 Europe",
  "contact" : [{
    "name" : "HL7 Europe",
    "telecom" : [{
      "system" : "url",
      "value" : "http://hl7.eu"
    }]
  }],
  "description" : "Code system for codes to be used in `DiagnosticReport.supportInfo` for imaging reports.",
  "jurisdiction" : [{
    "coding" : [{
      "system" : "http://unstats.un.org/unsd/methods/m49/m49.htm",
      "code" : "150",
      "display" : "Europe"
    }]
  }],
  "copyright" : "Used by permission of HL7 Europe, all rights reserved Creative Commons License",
  "caseSensitive" : true,
  "hierarchyMeaning" : "is-a",
  "content" : "complete",
  "count" : 1,
  "concept" : [{
    "code" : "imaging-procedure",
    "display" : "Imaging Procedure",
    "definition" : "The procedure in which the imaging study was performed supportInfo codesCodes to be used in `DiagnosticReport.supportInfo` for imaging reports."
  }]
}