{
  "resourceType" : "CodeSystem",
  "id" : "codesystem-missing-dicom-terminology",
  "text" : {
    "status" : "generated",
    "div" : "<div xmlns=\"http://www.w3.org/1999/xhtml\"><p class=\"res-header-id\"><b>Generated Narrative: CodeSystem codesystem-missing-dicom-terminology</b></p><a name=\"codesystem-missing-dicom-terminology\"> </a><a name=\"hccodesystem-missing-dicom-terminology\"> </a><p>This case-sensitive code system <code>http://hl7.eu/fhir/imaging-r4/CodeSystem/codesystem-missing-dicom-terminology</code> provides <b>a fragment</b> that includes following codes in a Is-A hierarchy:</p><table class=\"codes\"><tr><td><b>Lvl</b></td><td style=\"white-space:nowrap\"><b>Code</b></td><td><b>Display</b></td><td><b>Definition</b></td></tr><tr><td>1</td><td style=\"white-space:nowrap\">elements<a name=\"codesystem-missing-dicom-terminology-elements\"> </a></td><td>DICOM Elements</td><td>DICOM Element definitions</td></tr><tr><td>2</td><td style=\"white-space:nowrap\">\u00a0\u00a000080016<a name=\"codesystem-missing-dicom-terminology-00080016\"> </a></td><td>SOP Class UID</td><td>Uniquely identifies the SOP Class.</td></tr><tr><td>2</td><td style=\"white-space:nowrap\">\u00a0\u00a000080018<a name=\"codesystem-missing-dicom-terminology-00080018\"> </a></td><td>SOP Instance UID</td><td>Uniquely identifies the SOP Instance.</td></tr><tr><td>2</td><td style=\"white-space:nowrap\">\u00a0\u00a000080060<a name=\"codesystem-missing-dicom-terminology-00080060\"> </a></td><td>Modality</td><td>Type of device, process or method that originally acquired or produced the data used to create the Instances in this Series.</td></tr><tr><td>2</td><td style=\"white-space:nowrap\">\u00a0\u00a000083010<a name=\"codesystem-missing-dicom-terminology-00083010\"> </a></td><td>Irradiation Event UID</td><td>Irradiation Event UID</td></tr><tr><td>2</td><td style=\"white-space:nowrap\">\u00a0\u00a000181000<a name=\"codesystem-missing-dicom-terminology-00181000\"> </a></td><td>Device Serial Number</td><td>Device Serial Number</td></tr><tr><td>2</td><td style=\"white-space:nowrap\">\u00a0\u00a000181002<a name=\"codesystem-missing-dicom-terminology-00181002\"> </a></td><td>Device UID</td><td>Unique identifier of the equipment.</td></tr><tr><td>2</td><td style=\"white-space:nowrap\">\u00a0\u00a000181008<a name=\"codesystem-missing-dicom-terminology-00181008\"> </a></td><td>Manufacturer Device Class UID</td><td>Manufacturer Device Class UID</td></tr><tr><td>2</td><td style=\"white-space:nowrap\">\u00a0\u00a00020000D<a name=\"codesystem-missing-dicom-terminology-0020000D\"> </a></td><td>Study Instance UID</td><td>Unique identifier for the Study.</td></tr><tr><td>2</td><td style=\"white-space:nowrap\">\u00a0\u00a00020000E<a name=\"codesystem-missing-dicom-terminology-0020000E\"> </a></td><td>Series Instance UID</td><td>Unique identifier of the Series.</td></tr><tr><td>2</td><td style=\"white-space:nowrap\">\u00a0\u00a000080050<a name=\"codesystem-missing-dicom-terminology-00080050\"> </a></td><td>Accession Number</td><td>A departmental Information System generated number that identifies the Imaging Service Request.</td></tr><tr><td>2</td><td style=\"white-space:nowrap\">\u00a0\u00a00040A171<a name=\"codesystem-missing-dicom-terminology-0040A171\"> </a></td><td>Observation UID</td><td>Unique identifier for the observation Content Item (and its subsidiary Content Items, if any). The UID represents the semantic content of the observation; an encoding of the same observation with the same context into another representation (e.g., a CDA Entry) may use the same UID.</td></tr><tr><td>2</td><td style=\"white-space:nowrap\">\u00a0\u00a000400554<a name=\"codesystem-missing-dicom-terminology-00400554\"> </a></td><td>Specimen UID</td><td>Unique identifier for the Specimen.</td></tr><tr><td>2</td><td style=\"white-space:nowrap\">\u00a0\u00a000620021<a name=\"codesystem-missing-dicom-terminology-00620021\"> </a></td><td>Tracking UID</td><td>A unique identifier used for tracking a finding or feature, potentially across multiple reporting objects, over time.</td></tr></table></div>"
  },
  "url" : "http://hl7.eu/fhir/imaging-r4/CodeSystem/codesystem-missing-dicom-terminology",
  "version" : "0.1.0-ballot",
  "name" : "MissingDicomTerminology",
  "title" : "Missing DICOM Terminology",
  "status" : "draft",
  "experimental" : false,
  "date" : "2025-06-16T13:32:42+00:00",
  "publisher" : "HL7 Europe",
  "contact" : [{
    "name" : "HL7 Europe",
    "telecom" : [{
      "system" : "url",
      "value" : "http://hl7.eu"
    }]
  }],
  "description" : "Code system for codes that are defined in DICOM but for which no matching code system is available in FHIR.",
  "jurisdiction" : [{
    "coding" : [{
      "system" : "http://unstats.un.org/unsd/methods/m49/m49.htm",
      "code" : "150",
      "display" : "Europe"
    }]
  }],
  "copyright" : "Used by permission of HL7 Europe, all rights reserved Creative Commons License",
  "caseSensitive" : true,
  "hierarchyMeaning" : "is-a",
  "content" : "fragment",
  "concept" : [{
    "code" : "elements",
    "display" : "DICOM Elements",
    "definition" : "DICOM Element definitions",
    "concept" : [{
      "code" : "00080016",
      "display" : "SOP Class UID",
      "definition" : "Uniquely identifies the SOP Class."
    },
    {
      "code" : "00080018",
      "display" : "SOP Instance UID",
      "definition" : "Uniquely identifies the SOP Instance."
    },
    {
      "code" : "00080060",
      "display" : "Modality",
      "definition" : "Type of device, process or method that originally acquired or produced the data used to create the Instances in this Series."
    },
    {
      "code" : "00083010",
      "display" : "Irradiation Event UID",
      "definition" : "Irradiation Event UID"
    },
    {
      "code" : "00181000",
      "display" : "Device Serial Number",
      "definition" : "Device Serial Number"
    },
    {
      "code" : "00181002",
      "display" : "Device UID",
      "definition" : "Unique identifier of the equipment."
    },
    {
      "code" : "00181008",
      "display" : "Manufacturer Device Class UID",
      "definition" : "Manufacturer Device Class UID"
    },
    {
      "code" : "0020000D",
      "display" : "Study Instance UID",
      "definition" : "Unique identifier for the Study."
    },
    {
      "code" : "0020000E",
      "display" : "Series Instance UID",
      "definition" : "Unique identifier of the Series."
    },
    {
      "code" : "00080050",
      "display" : "Accession Number",
      "definition" : "A departmental Information System generated number that identifies the Imaging Service Request."
    },
    {
      "code" : "0040A171",
      "display" : "Observation UID",
      "definition" : "Unique identifier for the observation Content Item (and its subsidiary Content Items, if any). The UID represents the semantic content of the observation; an encoding of the same observation with the same context into another representation (e.g., a CDA Entry) may use the same UID."
    },
    {
      "code" : "00400554",
      "display" : "Specimen UID",
      "definition" : "Unique identifier for the Specimen."
    },
    {
      "code" : "00620021",
      "display" : "Tracking UID",
      "definition" : "A unique identifier used for tracking a finding or feature, potentially across multiple reporting objects, over time."
    }]
  }]
}