{
  "resourceType" : "ValueSet",
  "id" : "periods-of-life-value-set",
  "text" : {
    "status" : "generated",
    "div" : "<div xmlns=\"http://www.w3.org/1999/xhtml\"><p class=\"res-header-id\"><b>Generated Narrative: ValueSet periods-of-life-value-set</b></p><a name=\"periods-of-life-value-set\"> </a><a name=\"hcperiods-of-life-value-set\"> </a><p>This value set includes codes based on the following rules:</p><ul><li>Include codes from<a href=\"http://www.snomed.org/\"><code>http://snomed.info/sct</code></a> where concept  is-a 282032007 (Periods of life)</li></ul><p>This value set excludes codes based on the following rules:</p><ul><li>Exclude these codes as defined in <a href=\"http://www.snomed.org/\"><code>http://snomed.info/sct</code></a><table class=\"none\"><tr><td style=\"white-space:nowrap\"><b>Code</b></td><td><b>Display</b></td></tr><tr><td><a href=\"http://snomed.info/id/282032007\">282032007</a></td><td style=\"color: #cccccc\">Periods of life</td></tr></table></li></ul></div>"
  },
  "url" : "http://hl7.eu/fhir/imaging-r4/ValueSet/periods-of-life-value-set",
  "version" : "0.1.0-ballot",
  "name" : "PeriodsOfLifeValueSet",
  "title" : "Periods of Life",
  "status" : "draft",
  "experimental" : false,
  "date" : "2025-06-16T13:32:42+00:00",
  "publisher" : "HL7 Europe",
  "contact" : [{
    "name" : "HL7 Europe",
    "telecom" : [{
      "system" : "url",
      "value" : "http://hl7.eu"
    }]
  }],
  "description" : "A value set of periods of life extension ([SNOMED tree](https://browser.ihtsdotools.org/?perspective=full&conceptId1=767023003&edition=MAIN/2025-04-01&release=&languages=en)).",
  "jurisdiction" : [{
    "coding" : [{
      "system" : "http://unstats.un.org/unsd/methods/m49/m49.htm",
      "code" : "150",
      "display" : "Europe"
    }]
  }],
  "copyright" : "This value set includes content from SNOMED CT, which is copyright © 2002+ International Health Terminology Standards Development Organisation (IHTSDO), and distributed by agreement between IHTSDO and HL7. Implementer use of SNOMED CT is not covered by this agreement",
  "compose" : {
    "include" : [{
      "system" : "http://snomed.info/sct",
      "filter" : [{
        "property" : "concept",
        "op" : "is-a",
        "value" : "282032007"
      }]
    }],
    "exclude" : [{
      "system" : "http://snomed.info/sct",
      "concept" : [{
        "code" : "282032007"
      }]
    }]
  }
}