{
  "resourceType" : "ValueSet",
  "id" : "media-view",
  "text" : {
    "status" : "generated",
    "div" : "<div xmlns=\"http://www.w3.org/1999/xhtml\"><p class=\"res-header-id\"><b>Generated Narrative: ValueSet media-view</b></p><a name=\"media-view\"> </a><a name=\"hcmedia-view\"> </a><ul><li>Include codes from<a href=\"http://www.snomed.org/\"><code>http://snomed.info/sct</code></a> where concept  is-a 260419006 (Projection)</li></ul></div>"
  },
  "url" : "http://hl7.eu/fhir/imaging-r4/ValueSet/media-view",
  "version" : "4.0.1",
  "name" : "CrossVersionMediaView",
  "title" : "Media View types - placeholder for cross-version extension",
  "status" : "draft",
  "experimental" : false,
  "date" : "2025-06-16T13:32:42+00:00",
  "publisher" : "HL7 Europe",
  "contact" : [{
    "name" : "HL7 Europe",
    "telecom" : [{
      "system" : "url",
      "value" : "http://hl7.eu"
    }]
  }],
  "description" : "Codes defined in SNOMED CT that can be used to record Media Recording views.",
  "jurisdiction" : [{
    "coding" : [{
      "system" : "http://unstats.un.org/unsd/methods/m49/m49.htm",
      "code" : "150",
      "display" : "Europe"
    }]
  }],
  "copyright" : "This value set includes content from SNOMED CT, which is copyright © 2002+ International Health Terminology Standards Development Organisation (IHTSDO), and distributed by agreement between IHTSDO and HL7. Implementer use of SNOMED CT is not covered by this agreement",
  "compose" : {
    "include" : [{
      "system" : "http://snomed.info/sct",
      "filter" : [{
        "property" : "concept",
        "op" : "is-a",
        "value" : "260419006"
      }]
    }]
  }
}