{
  "resourceType" : "ValueSet",
  "id" : "im-gray-square-units",
  "text" : {
    "status" : "generated",
    "div" : "<div xmlns=\"http://www.w3.org/1999/xhtml\"><p class=\"res-header-id\"><b>Generated Narrative: ValueSet im-gray-square-units</b></p><a name=\"im-gray-square-units\"> </a><a name=\"hcim-gray-square-units\"> </a><ul><li>Include these codes as defined in <a href=\"http://unitsofmeasure.org\"><code>http://unitsofmeasure.org</code></a><table class=\"none\"><tr><td style=\"white-space:nowrap\"><b>Code</b></td><td><b>Display</b></td></tr><tr><td>Gy.m2</td><td>Gy.m2</td></tr><tr><td>mGy.cm2</td><td>mGy.cm2</td></tr></table></li></ul></div>"
  },
  "url" : "http://hl7.eu/fhir/imaging-r4/ValueSet/im-gray-square-units",
  "version" : "0.1.0-ballot",
  "name" : "ImGraySquareUnits",
  "title" : "Gray Square Units",
  "status" : "draft",
  "experimental" : false,
  "date" : "2025-06-16T13:32:42+00:00",
  "publisher" : "HL7 Europe",
  "contact" : [{
    "name" : "HL7 Europe",
    "telecom" : [{
      "system" : "url",
      "value" : "http://hl7.eu"
    }]
  }],
  "description" : "Units for Gray Square.",
  "jurisdiction" : [{
    "coding" : [{
      "system" : "http://unstats.un.org/unsd/methods/m49/m49.htm",
      "code" : "150",
      "display" : "Europe"
    }]
  }],
  "copyright" : "Used by permission of HL7 Europe, all rights reserved Creative Commons License",
  "compose" : {
    "include" : [{
      "system" : "http://unitsofmeasure.org",
      "concept" : [{
        "code" : "Gy.m2",
        "display" : "Gy.m2"
      },
      {
        "code" : "mGy.cm2",
        "display" : "mGy.cm2"
      }]
    }]
  }
}