<?xml version="1.0" encoding="UTF-8"?>

<ValueSet xmlns="http://hl7.org/fhir">
  <id value="ImSectionEmptyReason"/>
  <text>
    <status value="generated"/><div xmlns="http://www.w3.org/1999/xhtml"><p class="res-header-id"><b>Generated Narrative: ValueSet ImSectionEmptyReason</b></p><a name="ImSectionEmptyReason"> </a><a name="hcImSectionEmptyReason"> </a><p>This value set includes codes based on the following rules:</p><ul><li>Include all codes defined in <a href="http://terminology.hl7.org/6.2.0/CodeSystem-list-empty-reason.html"><code>http://terminology.hl7.org/CodeSystem/list-empty-reason</code></a></li><li>Include these codes as defined in <a href="http://loinc.org"><code>http://loinc.org</code></a><table class="none"><tr><td style="white-space:nowrap"><b>Code</b></td><td><b>Display</b></td></tr><tr><td><a href="https://loinc.org/LA4720-4/">LA4720-4</a></td><td>Not applicable</td></tr></table></li></ul></div>
  </text>
  <url value="http://hl7.eu/fhir/imaging-r4/ValueSet/ImSectionEmptyReason"/>
  <version value="0.1.0-ballot"/>
  <name value="ImSectionEmptyReason"/>
  <title value="Reasons a section in an imaging report is empty."/>
  <status value="draft"/>
  <experimental value="false"/>
  <date value="2025-06-16T13:32:42+00:00"/>
  <publisher value="HL7 Europe"/>
  <contact>
    <name value="HL7 Europe"/>
    <telecom>
      <system value="url"/>
      <value value="http://hl7.eu"/>
    </telecom>
  </contact>
  <description value="Reasons a section in an imaging report is empty."/>
  <jurisdiction>
    <coding>
      <system value="http://unstats.un.org/unsd/methods/m49/m49.htm"/>
      <code value="150"/>
      <display value="Europe"/>
    </coding>
  </jurisdiction>
  <copyright value="This material contains content from LOINC (http://loinc.org). LOINC is copyright © 1995-2020, Regenstrief Institute, Inc. and the Logical Observation Identifiers Names and Codes (LOINC) Committee and is available at no cost under the license at http://loinc.org/license. LOINC® is a registered United States trademark of Regenstrief Institute, Inc"/>
  <compose>
    <include>
      <system value="http://terminology.hl7.org/CodeSystem/list-empty-reason"/>
    </include>
    <include>
      <system value="http://loinc.org"/>
      <concept>
        <code value="LA4720-4"/>
        <display value="Not applicable"/>
      </concept>
    </include>
  </compose>
</ValueSet>