<?xml version="1.0" encoding="UTF-8"?>

<ValueSet xmlns="http://hl7.org/fhir">
  <id value="media-view"/>
  <text>
    <status value="generated"/><div xmlns="http://www.w3.org/1999/xhtml"><p class="res-header-id"><b>Generated Narrative: ValueSet media-view</b></p><a name="media-view"> </a><a name="hcmedia-view"> </a><ul><li>Include codes from<a href="http://www.snomed.org/"><code>http://snomed.info/sct</code></a> where concept  is-a 260419006 (Projection)</li></ul></div>
  </text>
  <url value="http://hl7.eu/fhir/imaging-r4/ValueSet/media-view"/>
  <version value="4.0.1"/>
  <name value="CrossVersionMediaView"/>
  <title value="Media View types - placeholder for cross-version extension"/>
  <status value="draft"/>
  <experimental value="false"/>
  <date value="2025-06-16T13:32:42+00:00"/>
  <publisher value="HL7 Europe"/>
  <contact>
    <name value="HL7 Europe"/>
    <telecom>
      <system value="url"/>
      <value value="http://hl7.eu"/>
    </telecom>
  </contact>
  <description value="Codes defined in SNOMED CT that can be used to record Media Recording views."/>
  <jurisdiction>
    <coding>
      <system value="http://unstats.un.org/unsd/methods/m49/m49.htm"/>
      <code value="150"/>
      <display value="Europe"/>
    </coding>
  </jurisdiction>
  <copyright value="This value set includes content from SNOMED CT, which is copyright © 2002+ International Health Terminology Standards Development Organisation (IHTSDO), and distributed by agreement between IHTSDO and HL7. Implementer use of SNOMED CT is not covered by this agreement"/>
  <compose>
    <include>
      <system value="http://snomed.info/sct"/>
      <filter>
        <property value="concept"/>
        <op value="is-a"/>
        <value value="260419006"/>
      </filter>
    </include>
  </compose>
</ValueSet>