<?xml version="1.0" encoding="UTF-8"?>

<ValueSet xmlns="http://hl7.org/fhir">
  <id value="im-procedure-type"/>
  <text>
    <status value="generated"/><div xmlns="http://www.w3.org/1999/xhtml"><p class="res-header-id"><b>Generated Narrative: ValueSet im-procedure-type</b></p><a name="im-procedure-type"> </a><a name="hcim-procedure-type"> </a><p>This value set includes codes based on the following rules:</p><ul><li>Include codes from<a href="http://www.snomed.org/"><code>http://snomed.info/sct</code></a> where concept  is-a 363679005 (Imaging (procedure))</li></ul><p>This value set excludes codes based on the following rules:</p><ul><li>Exclude these codes as defined in <a href="http://www.snomed.org/"><code>http://snomed.info/sct</code></a><table class="none"><tr><td style="white-space:nowrap"><b>Code</b></td><td><b>Display</b></td></tr><tr><td><a href="http://snomed.info/id/363679005">363679005</a></td><td style="color: #cccccc">Imaging (procedure)</td></tr></table></li></ul></div>
  </text>
  <url value="http://hl7.eu/fhir/imaging-r4/ValueSet/im-procedure-type"/>
  <version value="0.1.0-ballot"/>
  <name value="ImProcedureType"/>
  <title value="Imaging Procedure Type"/>
  <status value="draft"/>
  <experimental value="false"/>
  <date value="2025-06-16T13:32:42+00:00"/>
  <publisher value="HL7 Europe"/>
  <contact>
    <name value="HL7 Europe"/>
    <telecom>
      <system value="url"/>
      <value value="http://hl7.eu"/>
    </telecom>
  </contact>
  <description value="This value set includes all imaging procedure types."/>
  <jurisdiction>
    <coding>
      <system value="http://unstats.un.org/unsd/methods/m49/m49.htm"/>
      <code value="150"/>
      <display value="Europe"/>
    </coding>
  </jurisdiction>
  <copyright value="This value set includes content from SNOMED CT, which is copyright © 2002+ International Health Terminology Standards Development Organisation (IHTSDO), and distributed by agreement between IHTSDO and HL7. Implementer use of SNOMED CT is not covered by this agreement"/>
  <compose>
    <include>
      <system value="http://snomed.info/sct"/>
      <filter>
        <property value="concept"/>
        <op value="is-a"/>
        <value value="363679005"/>
      </filter>
    </include>
    <exclude>
      <system value="http://snomed.info/sct"/>
      <concept>
        <code value="363679005"/>
      </concept>
    </exclude>
  </compose>
</ValueSet>